F1,F2,F3,F4,F5,F6,F7,F8,F9,F10,F11,F12,F13,F14,F15,Target3
52.9,1.33,49.1,37.13,129.43,35,0.281,112.7,207,0.55,98.971,2.87,1362,15.9,429,79.3
87.6,2.12,48.8,42.1,171.07,37.6,0.153,157.4,188,0.86,101.179,2.34,5130,26.1,1819,57.2
73.3,2.72,93.8,20.11,163.69,44.3,0.367,348.7,270,1.87,98.919,2.13,7811,16.7,1763,61.6
65.6,2.58,48.1,35.11,63.37,32.5,0.279,321.2,322,1.75,101.56,2.91,1641,32.1,203,71.3
39.6,2.58,49.3,32.93,63.4,47,0.149,205.6,203,1.55,98.148,1.93,7648,27.5,276,58.5
39,2.29,84.8,41.49,83.8,27.4,0.393,215.6,298,1.56,99.306,1.71,7740,18.2,1718,71.2
32.8,2.4,62,45.58,98.89,43.6,0.25,261.6,328,1.65,98.866,2.94,587,15.4,797,78.7
81.7,2.71,81,10.67,103.17,46.5,0.121,99.1,353,1.92,97.876,1.91,185,15.9,338,72.5
66.3,1.5,34.5,37.77,146,29.9,0.285,171.7,325,1.75,95.707,2.84,9659,25.1,1001,66.3
69.4,1.97,63.9,11.97,51.15,35.6,0.179,165.7,51,1.43,100.781,1.78,2002,29.5,832,66.9
31.5,1.54,32.8,31.34,45.31,30,0.346,169.2,137,1.5,98.704,2.55,8445,17.7,440,73.8
89.9,3.07,35.2,21.81,105.77,44,0.349,336.7,336,0.83,99.435,2.4,5630,18.9,1455,72.1
79.4,2.94,93,22.39,152.24,38.5,0.389,184.4,179,1.49,99.698,3,2790,20.6,1269,69.3
42.5,1.05,38.8,24.06,72.5,41.6,0.257,160.7,127,1.15,97.041,2.33,1266,19.5,198,66.8
40.3,2.41,67.7,35.45,144.42,28.9,0.237,260.4,309,0.7,99.177,1.51,4943,23.3,1846,78.6
40.9,2.89,57.9,22.81,81.85,30.9,0.329,366.1,290,1.7,96.418,2.43,4169,27.1,1123,65.4
47.7,1.38,53.7,40.22,182.35,26.8,0.145,170.4,190,1.28,99.046,1.77,6995,28.8,496,66.2
63.3,2.19,97.4,25.39,178.76,32.4,0.268,119.2,277,1.98,102.987,2.68,8888,34.8,406,68.8
56.1,2.79,31.1,12.52,87.27,39.5,0.263,214.7,212,0.9,98.895,2.69,8117,34.5,270,68
45.4,1.07,74.1,40.49,76,44.7,0.126,318.8,285,1.23,97.691,2.19,2891,26.4,856,69.8
67.5,2.36,98.6,21.18,105.11,41,0.218,266,177,1.17,98.995,2.66,8642,29.3,275,64.9
39.7,1.64,70.2,27.48,77.9,35.5,0.345,344.2,249,0.69,103.117,1.67,8212,33.5,847,76
48,2.89,97.3,37.93,148.06,47.4,0.363,387.3,80,1.15,99.071,2.26,9091,16.6,292,74.6
53.2,2.91,34.2,23.26,174.37,42.8,0.125,329.9,187,0.94,96.888,2.12,4548,15.6,1364,69.3
58.1,2.9,59.5,11.95,147.29,48,0.13,291.2,70,0.74,96.321,2.38,7852,15.9,1548,71.8
78.6,1.95,48.4,23.96,175.18,38.7,0.182,243.7,283,0.93,99.162,1.59,6102,26.2,1094,62.2
42.8,2.68,82.7,48.59,102.66,30.5,0.356,112.4,251,0.85,101.601,2.58,3026,31,1392,65.1
62,2.74,101.9,36.18,65.12,26.6,0.139,391.8,328,1.64,100.873,1.58,10065,22.5,1814,67.5
66,1.64,46.7,37.65,166.05,42.5,0.32,217.7,180,0.58,102.178,2.43,389,25.8,1280,65.1
31.7,2.63,74.9,35.2,95.33,27.3,0.131,145.1,197,1.4,101.222,1.5,1601,25.4,724,69.1
65,1.05,44.4,18.2,146.16,32.4,0.294,298.1,78,1.55,100.005,2.79,9058,17,874,55.3
39.4,2.23,69.9,26.39,80.28,38.9,0.201,189.3,357,1.21,94.701,1.78,610,21.5,1674,69
32.2,1.47,60.2,40.42,53.24,38.7,0.34,273.9,211,1.86,102.765,2.23,9062,15.9,267,61.8
86.2,1.22,96.9,13.92,198.88,40.4,0.168,283.8,389,1.59,97.078,1.87,6834,17.2,658,63.6
90.4,1.14,73,20.77,65.16,29.3,0.282,228,110,1.67,104.602,2.68,369,30.4,1176,70.7
76.2,2.39,54.5,21.15,194.53,36.7,0.167,349.1,174,0.81,98.434,2.01,4363,31.8,1325,67.4
49,1.68,37.7,27.38,193.37,40.2,0.311,176.4,120,1.66,98.538,2.51,7703,30.9,1536,57.3
36.2,2.46,42.5,50.11,167.19,49.1,0.362,234.7,375,1.77,98.913,1.98,5925,28.7,665,71.5
71.4,1.09,45.7,12.37,141.43,44.1,0.136,254.1,292,1.07,100.026,2.75,9133,31.3,290,67.9
57.7,1.63,47.8,31.32,134.78,48,0.356,302.8,298,0.83,97.222,1.55,8924,26.4,1912,69.6
37.3,2.03,89.8,17.22,173.61,44.3,0.276,340,270,1.09,98.185,1.91,3376,28.6,153,67.3
61.5,2.65,69.6,49.87,86.05,38.4,0.136,225,70,1.61,101.822,2.23,847,27,191,69.3
31.9,1.67,66.7,14.84,113.83,29.7,0.226,298.8,131,1.1,102.663,1.56,9449,25.3,974,66.8
85.1,2.3,36.4,24.87,137.71,41.1,0.15,147.6,393,1.64,97.786,1.81,5355,22.5,1640,68.2
45.4,2.64,88.4,40.34,102.39,40.2,0.32,385,59,0.69,100.617,2.87,755,30,1599,70.6
68.5,2.22,80.1,39.02,108.3,40.3,0.329,214,61,1.66,98.939,3.01,8191,21.3,1874,73.1
47.4,1.46,35.3,26.23,90.6,37.2,0.132,329.2,312,0.89,100.986,2.61,8537,25.3,290,64.4
61.9,1.06,79.1,23.12,130.64,38.8,0.251,107.3,194,0.86,98.191,1.86,6365,23.8,794,67.6
64.5,2.79,66.9,26.31,173.42,34,0.342,169.5,241,1.4,101.429,1.9,4399,20.2,555,63.3
41.3,1.07,36.4,20.62,72.17,37.8,0.385,254.8,299,0.59,99.724,2.46,6390,34,1740,63.9
89.1,2.62,63.8,17.98,182.64,30.1,0.259,366,163,0.55,98.968,1.65,7098,20.1,954,66.4
74.1,2.02,62,30.17,153,43.3,0.376,260.2,75,0.9,99.912,2.92,8617,21,54,61.7
87,2.88,41.7,20.87,175.49,29.8,0.266,385.3,320,1.33,102.851,1.84,9438,17.9,1487,61.6
80.2,2.64,91.1,20.6,127.57,27.7,0.225,252.9,82,1.89,99.784,2.97,5111,31.7,787,73.1
64.3,3.04,88.9,35.53,173.95,35.3,0.347,239.5,111,1.78,100.56,2.21,7752,27,1069,68.1
87.6,1.72,79.7,49.76,43.24,42.1,0.252,139.5,278,1.26,100.143,2.66,9842,26.8,1745,57.3
35.3,2.5,62.5,34.17,170.06,35.6,0.249,343.3,352,0.55,100.147,1.51,1509,31.3,507,76.2
41.8,1.79,57.2,12.89,45.97,31.6,0.251,177.9,144,1.32,102.419,2.86,174,21.8,472,71.1
33.1,1.94,73.5,13.14,179.54,40.1,0.353,364.6,84,1.54,101.64,1.92,8836,18.8,516,63
50.3,2.21,66.9,47.47,196.37,33.7,0.355,367.5,242,1.02,97.256,2.57,2022,18.9,687,67.4
53,2.69,33.9,21.35,86.86,49.2,0.217,385.6,125,0.66,101.059,2.65,426,29.8,218,68.9
46.6,2.9,63.4,13.96,73.59,46.2,0.199,261.1,298,0.93,103.175,1.8,1621,27.9,1390,71
79.6,2.55,87,34.75,157.9,37.1,0.244,295.7,132,1.65,99.505,2.11,3866,19.2,410,61.9
49.8,1.84,62.8,35.28,82.66,33.7,0.265,330.9,74,1.02,101.664,2.3,2218,17.7,1879,65.6
46.5,1.81,33.4,34.84,181.3,43.5,0.172,136,106,1.71,94.464,1.99,3020,17.4,446,62.5
63.1,2.39,88.5,21.46,58.54,25.8,0.34,282.6,81,0.95,98.021,2.2,9607,27,521,67.7
38.2,1.47,43.7,10.99,60.6,37.3,0.249,114.7,368,0.76,104.76,1.88,6896,14.7,595,68.6
77.5,1.26,49.3,49.84,200.78,32.9,0.182,247.6,61,1.15,101.478,1.98,7139,15.5,1565,70.4
35,1.71,40.4,20.16,144.12,49.2,0.133,148.8,368,1.15,100.391,2.47,959,21.4,872,74.8
89.5,1.6,53.4,37.11,177.62,25.2,0.172,155.3,382,0.52,103.663,2.47,7414,28.7,1644,57.1
76.9,1.6,83.7,38.6,88.6,38.2,0.376,211.1,141,0.67,97.761,1.83,7331,29.4,1574,59.9
40.6,1.47,65.4,33.61,145.36,42.9,0.19,227,50,0.78,102.489,2.84,6572,23.8,1839,69
30.6,1.05,44.5,22.27,141.85,37.1,0.153,290.7,375,0.67,98.236,2.77,2275,29.3,1538,70.6
77.2,1.03,90.1,20.6,135.55,26.9,0.239,121.8,185,1.03,100.143,2.27,4188,25.6,103,71.6
72.4,2.94,91,34.32,149.15,49.8,0.192,260.1,245,1.9,96.738,2.09,8137,35.9,1642,64.3
72.2,1.91,90.4,44.86,133.91,37.9,0.113,153.2,182,1.27,99.212,2.05,6676,17.8,1841,62.9
77.7,1.78,45.4,46.95,108.57,40.1,0.206,277.5,135,1.45,102.598,2.59,7284,27.1,1986,68.5
35.7,2.42,62.2,13.78,82.43,31.1,0.262,302.7,344,1.03,98.953,2.63,5868,25.2,246,77.8
51.4,1.47,100.1,16.31,159.72,36.7,0.267,273.4,328,0.99,100.971,1.82,4448,18.7,1293,69
36.8,2.85,83.4,46.77,77.43,36.1,0.203,315.7,373,0.53,99.019,2.5,7635,30.7,403,75.6
83.5,2.57,32.1,38.47,151.68,27,0.244,196.7,229,1.28,100.857,1.85,716,20.8,520,61.4
68.2,1.22,33.9,47.22,78.63,27.8,0.385,332.5,53,1.23,101.455,1.54,6837,22,1497,66.3
49.8,1.86,60.9,18.94,141.7,45.6,0.205,230.1,175,0.75,98.601,2.51,9877,22.7,1984,57.8
34.1,2.79,92.9,33.2,159.73,30.6,0.18,247.8,224,1.67,98.231,2.47,7767,20.1,1195,73
50.6,2.94,68.6,36.66,75.01,30.4,0.167,301.5,300,1.21,99.184,2.13,2899,24.4,1668,76.2
48.8,1.95,64.7,38.11,49.69,38.1,0.243,105.7,70,1.01,99.15,2.28,2785,24.4,18,69.1
72.9,2.25,37.1,26.5,60.51,43.3,0.332,292.5,154,0.73,95.926,2.98,6672,30.2,73,61.8
69.3,1.34,76.5,10.78,136,26.3,0.158,286.8,115,1.33,100.635,2.39,8878,30.5,1183,62.8
86.7,2.96,85.9,32.89,177.68,40.5,0.317,198.8,312,1.63,100.734,2.46,5721,18,765,75
58.5,1.43,55.2,19.71,48.56,28.5,0.106,125.8,98,0.93,96.373,1.58,5342,26.7,1811,75.9
35.9,2.78,83.7,27.88,152.19,25.3,0.228,132.8,65,0.84,101.64,1.7,1595,31.5,610,71.5
73.4,2.28,95.9,48.47,99.13,26.3,0.324,383.6,194,1.27,99.18,1.9,7236,17,872,71.4
74.9,2.23,43.2,25.58,118.18,46.2,0.196,311.6,389,0.73,100.607,2.34,6992,25.2,1017,67.7
64.3,2.04,67.8,44.72,190.26,28.5,0.271,136.6,299,1.53,99.467,2.74,9321,29.9,542,60.6
74.2,1.48,52.3,16.93,91.24,26.2,0.168,206.5,392,1.41,100.634,2.07,2938,27.7,1862,73.6
57.9,1.35,82.8,37.2,112.82,36.3,0.318,280.6,124,0.63,100.186,2.08,7322,17.1,936,71.5
61,1.52,69.8,49.2,42.7,47,0.114,350.5,339,0.56,101.709,1.9,4359,23.1,829,77.4
57.5,1.43,74.7,14.42,53.32,32.2,0.353,116,331,1.45,99.968,1.89,5395,26.1,1756,59.6
30.7,2.48,82.9,10.13,79.27,35.4,0.155,171.7,115,0.94,101.501,3,8083,34.6,594,69.6
36.2,1.72,57.5,27.73,43.69,26,0.366,362.6,174,0.63,102.837,2.44,2204,18.4,1639,67.7
31,1.14,93.8,13.84,138.93,35.7,0.209,103.5,368,1.58,99.787,1.8,3412,35.4,253,74.6
68.6,2.81,68,40.13,106.44,39.2,0.32,159.4,136,0.98,99.448,2.58,7869,22.5,354,62.3
49.1,2.78,40.4,45.76,128.4,39,0.195,393.3,90,1.19,101.088,2.6,5825,18.9,1884,73.2
58.8,2.89,77.8,26.94,66.55,33.2,0.364,281.3,235,0.87,95.861,2.5,910,23.7,1638,74
86.6,2.99,87.2,20.23,88.71,32.8,0.144,185.3,384,1.44,98.237,1.74,4300,27.4,798,62.7
43.2,1.36,52.6,27.1,141.87,28.1,0.151,116.6,315,0.98,98.174,2.11,5817,19.2,1256,61.9
56.3,1.8,91.3,39.92,198.24,34.4,0.244,107.9,320,1.98,101.077,1.67,9172,20.7,1923,62.4
77.4,2.55,90.2,10.39,51.01,26.8,0.12,174.3,91,1.53,100.299,2.66,1882,31.5,435,64.3
44,2.47,48.7,34.11,185.3,44.7,0.154,361.4,142,0.69,102.534,2.47,8133,33.9,115,71.5
35.2,1.33,101.8,33.53,130.86,48.6,0.386,214.9,234,1.12,102.409,2.31,1277,21.8,1043,75.8
47.2,2.69,39.8,34.2,128.92,48.2,0.39,328.8,264,1.08,96.057,1.98,2433,17.8,288,70.4
38.5,1.42,44,19.61,117.35,45.6,0.209,381.7,66,1.26,96.597,1.78,2365,29.8,380,65.8
86.2,1.51,42.8,37.58,52.21,40.2,0.371,217.3,314,1.76,100.045,1.66,8638,28,1781,63.5
76,2.09,95.5,13.67,54.56,43.4,0.261,154.2,163,1.37,96.858,2.92,1994,17,15,63.4
68,2.17,74.7,17.67,131.22,32,0.179,248.2,341,0.59,96.019,1.84,7563,34,1682,69.5
80.3,2.18,41.2,45.37,91.8,41.5,0.319,372.1,341,1.54,98.51,1.61,4416,16,1029,62.2
79.7,1.17,61.1,38.93,180.2,36.5,0.295,352.1,97,0.5,95.81,3,9760,27.8,1149,68.6
41.5,2.76,71.1,10.67,106.66,35.5,0.398,119.3,356,1.7,97.94,2.37,8233,23.2,1328,70.3
84.7,1.54,35.6,19.58,61.66,44.5,0.18,305.6,146,1.51,101.375,2.7,7274,25.9,904,57.6
62.8,1.24,90.2,17.88,156.93,31.7,0.302,277.4,144,0.95,98.986,1.61,8616,19.4,227,66.4
81.4,2.79,84.1,21.19,85.97,32.4,0.115,375.4,375,0.94,102.984,2.29,6379,28.8,211,62.6
85.5,2.87,66.9,19.6,126.04,48.7,0.133,136.9,123,1.73,98.832,2.09,8767,33.5,1480,59.5
50.8,2.69,95.3,12.84,150.87,26.5,0.102,264.6,385,1.68,101.062,2.67,2578,23.5,449,71.7
35.9,2.57,60.1,27.99,187.54,37.1,0.402,351.7,117,0.99,98.94,1.5,984,25.5,56,67
43.2,2.29,97.2,38.66,164.11,47.9,0.336,225.6,295,0.96,99.556,2.16,6313,19.8,1970,65.3
52.9,2.08,78.8,34.07,146.04,39.6,0.317,251.4,126,1.36,99.186,2.65,4440,34.5,1987,67.3
78.5,1.19,73.8,36.5,147.39,40,0.25,118.4,257,0.51,101.103,2.29,4197,32.9,760,72.4
81.6,1.86,41.9,13.28,194.54,31.4,0.185,182.5,303,0.63,101.432,2.36,5359,30.8,51,68.4
30.7,1.77,90.7,48.45,85.44,33.7,0.143,190.1,270,0.7,104.111,1.72,3707,25,1400,69.5
60,1.55,57.3,44.02,39.71,46.2,0.18,381,311,0.8,100.02,1.64,6452,33.9,1708,61.2
55.9,2.49,40,42.13,83.1,37.7,0.218,182.8,380,1.29,101.049,2.55,315,17.9,258,73.8
43.9,1.95,29.7,41.63,75.46,37.4,0.334,246.9,393,2.09,97.927,2.5,9485,24.8,270,68.2
36.8,1.15,69.5,48.94,144.74,26.8,0.266,299.3,308,1.51,101.325,3.01,9291,26,1663,64.2
49.3,1.49,66.9,31.54,143.03,24.7,0.122,149.9,357,0.59,100.003,2.62,9224,25.5,1894,70.3
86.7,2.34,81.3,17.86,132.94,47.6,0.104,253.1,123,1.31,94.67,2.26,3555,31.2,1601,65.3
49.5,1.19,91.1,34.61,43.44,34,0.127,308.2,174,1.25,98.239,2.79,5370,29,397,67.1
60.4,2.68,34,39.51,158.97,40.1,0.227,361.7,237,0.71,95.839,1.62,9580,18,803,62.4
71.8,1.91,83.3,38.13,90.71,26.2,0.387,282.1,303,1.84,98.514,2.13,9054,22,1217,60.8
50.3,1.95,44,31.21,148.52,42.7,0.294,294.8,370,1.16,100.61,1.96,7827,22.3,321,65.9
89.5,2.22,90.7,12.53,126.24,48.6,0.333,135.8,357,2.03,99.395,1.63,4273,26.4,421,65.5
89,2.74,89.3,24.68,95.14,39.2,0.238,380.7,284,1.11,101.206,2.67,5814,20.8,557,71.3
45.2,1.65,67.7,48.48,60.56,29.4,0.208,137.2,299,1.42,95.273,2.33,7863,17.1,1012,69.8
60.8,2.4,80.1,34.01,55.45,39.4,0.128,330.3,381,0.65,101.873,2.27,2729,28.3,1028,68.3
48.2,2.17,51.3,32.55,172.46,44.9,0.373,183.3,394,1.18,100.461,2.17,6327,32.2,1619,73
48.6,1.57,61.6,20.47,184.11,35.3,0.326,384.5,121,0.86,97.439,2.25,8449,33.9,1507,68.3
31.4,2.61,84.8,25.1,139.44,48.3,0.148,333.8,284,1.76,99.928,1.69,7143,35.2,1826,77.7
66.8,2.68,61.2,46.18,56.3,42.1,0.245,328,373,1.75,104.364,2.48,4806,31.2,1688,74.6
61.2,2.34,58,36.62,106.81,47.2,0.245,168,205,1.72,102.928,2.17,5680,17.3,493,68.8
34.1,2.73,62.6,40.87,157.52,40.4,0.286,239.2,164,1.59,103.34,2.72,10275,31.1,658,72.5
47.5,2.79,86.3,28.78,159.62,27.5,0.391,279.2,362,1.74,99.556,1.77,5944,23.1,979,62.7
82.7,2.32,53.6,34.85,58.64,32.8,0.269,339.8,277,0.78,102.239,1.81,8023,29,29,59.7
42.9,2.73,44.2,19.99,40.96,30.4,0.256,128.9,371,1.2,102.571,2.43,7271,25.6,1779,71.8
38.6,2.51,78.2,38.92,152.99,47.7,0.115,392.8,395,1.51,97.877,2.7,7190,31,90,67.5
59.8,2.3,86.7,26.57,95.17,45.2,0.114,374.5,294,1.5,102.569,2.18,6977,23.6,640,73.3
90.8,2.23,37.5,27.1,83.54,42,0.16,174.4,355,1.55,102.088,2.5,4486,15.9,1125,62.3
43.5,2.51,47.4,37.78,41.15,33.3,0.107,344.6,63,0.84,98.639,3.07,4728,26.3,1018,73.6
71.2,1.33,39.4,46.64,125.88,29.5,0.335,255.4,65,0.67,100.165,3.02,4593,18,1315,73.4
71.6,2.79,53.4,12.97,174.02,42.9,0.312,233.4,91,1.89,102.674,2.57,329,34.4,1028,62
43.6,2.71,62.1,42.94,195.74,36.4,0.137,195.8,159,1.33,99.847,2.58,2473,24.7,457,78.7
75,1.06,81.9,21.51,131.78,30.6,0.355,283.9,327,0.72,101.741,1.9,1563,25.5,401,68.7
50.8,2.74,76,27.58,120.12,39.8,0.148,313.1,373,1.62,99.028,2.82,9121,33.6,1796,70.9
66.4,1.27,73.2,10.86,52.86,25.1,0.192,228.8,68,1.86,97.798,2.11,2753,28.2,530,76
67.3,1.68,55.1,22.63,128.17,31.8,0.175,291.9,115,0.73,97.588,2.93,1380,21.4,557,67.2
62.4,2.45,89.7,30.56,101.24,37.5,0.221,301.7,216,1.73,99.416,1.57,1166,21.2,831,71.5
34.6,1.36,60.5,12.2,136.51,28.9,0.172,311,122,1.89,100.867,2.14,7147,25.8,276,73.6
80.1,2.62,97.6,28.54,101.57,49.9,0.253,116.3,359,1.91,96.464,2.28,61,33,999,76.8
48.8,2.56,74.9,47.1,76.52,30.3,0.215,369.6,161,1.83,103.85,2.06,4731,29.9,1337,75.8
42.1,2.03,39.5,14.25,57.24,27.9,0.409,241.5,323,1.31,102.095,1.86,1175,34.9,1597,65.1
32.1,1.03,76.8,41.6,91.54,30.6,0.118,176.5,134,1.05,101.012,2.38,8980,16.7,1504,67.3
65.5,1.56,50.8,25.61,55.47,42.7,0.147,174.1,188,0.51,101.599,2.64,9608,19.6,293,71.7
70.9,2.13,80,35.85,69.64,34.2,0.118,231.4,88,0.57,98.669,2.49,9450,16.4,926,59.4
30.7,2.9,35.5,20.2,197.17,39,0.275,373,154,1.16,97.008,1.85,4317,31,76,73.6
61.7,2.26,42.3,16.36,109.25,25.6,0.116,210.4,373,1.08,100.797,2.6,6513,17.8,36,71.2
44.4,1.51,89.1,16.45,125.97,25.4,0.342,318.4,330,0.75,102.048,1.89,5907,16.6,903,72.3
68,2.29,46.5,12.93,180.28,35,0.261,128.4,172,1.09,98.973,1.75,3469,26.7,507,67.3
40.7,2.1,87.8,16.77,205.99,46,0.262,237,267,0.8,98.11,2.55,4305,23.1,1386,77.9
70.1,2.54,50.4,36.7,131.27,46.7,0.269,396.3,110,1.76,98.905,2.76,644,29.1,1461,70.7
53.8,1.18,77.7,45.49,166.72,27.5,0.15,338.4,149,0.95,100.949,2.23,7966,25.2,1791,61
86.6,2.6,77.8,42.63,96.19,39.5,0.161,156.9,356,1.42,101.193,2.3,2498,23.7,1508,74.4
38,2.11,66.9,37.27,91.03,46.3,0.192,250.3,253,1.23,103.617,2.03,4556,23.5,96,72.2
50.8,2.97,50.7,13.43,105.76,34.8,0.28,169.7,307,0.58,100.871,2.29,4595,32.7,724,71.1
37.2,1.7,45.8,21.81,145.58,46,0.163,225.4,54,1.88,98.295,1.72,5582,22.8,557,68.5
87.6,2.31,32.2,21.96,150.4,28.8,0.133,333.1,246,1.31,99.398,2.96,8392,22.1,801,56.2
83.3,2.84,52.8,20.24,88.1,47.9,0.396,338,229,1,97.892,2.72,7003,21.2,311,68
46.3,1.22,75.3,31.37,60.68,43.8,0.111,173.2,391,0.74,102.183,2.49,6775,18.9,199,77.5
72.3,2.91,94,30.37,137.9,49.2,0.331,384.9,182,1.01,97.743,2.36,5315,31.9,1041,71.3
77.4,2.41,90.4,24.56,59.62,42.3,0.343,274,373,0.55,98.839,2.71,951,18,1422,75.6
64.8,1.11,83.3,23.55,129.4,35.1,0.186,222.5,302,1.05,100.958,2.27,3930,32.4,1408,66.7
60.7,1.61,85.6,43.11,153.05,47.6,0.142,245.1,314,1.31,103.156,1.94,9385,21.3,887,73.1
43.9,2.44,76,41.47,157.54,32,0.142,285.9,142,1.82,105.709,1.71,9836,32.5,1049,69.9
35.6,1.18,48.5,22.65,163.69,33.2,0.307,274.5,199,1.5,97.314,2.53,7398,31.5,1027,66.9
82.7,2.17,94,47.12,182.35,42.3,0.292,256.5,187,0.66,101.256,2.9,2271,27,1374,72.3
82.7,1.73,76.3,48.36,119.19,44.7,0.344,256.9,257,0.71,99.932,1.71,982,28.5,98,67.6
67.9,2.18,69.7,22.31,157.44,48.3,0.381,150.8,174,1.12,99.47,1.78,4174,21.6,1370,77.5
50,1.08,37.3,22.96,136.09,29.5,0.305,350.6,283,0.79,99.385,2.15,8775,25.5,1151,57.1
50.3,2.77,63.7,30.78,68.05,45.8,0.147,262.1,110,0.54,97.488,2.79,6991,20.6,381,69.1
72.2,2.97,62.6,48.36,42.83,44,0.18,142.6,356,1.7,103.32,1.93,8936,24.5,98,57.6
86.2,2.9,91.6,44.15,83.44,27.4,0.357,331.5,315,0.54,95.812,1.9,5898,30.4,215,69.8
81.2,2.55,68,14.2,112.41,35.2,0.161,391.1,183,1.79,99.662,2.48,1280,20,1034,66.2
76.5,1.26,55.8,25.6,140.95,31.9,0.125,384.9,367,0.73,102.957,2.33,1118,30.6,1525,76.6
70.1,2.51,100,32.83,172.82,32.5,0.312,214.9,162,1.97,100.451,1.61,487,22.4,678,68
35.6,1.05,38,30.18,71.82,50.6,0.217,139.1,240,1.38,98.628,1.61,5860,25.5,776,68.7
39.9,1.07,56.5,18.07,61.46,40.4,0.379,261.9,236,1.64,98.735,2.47,2480,33.3,1978,72.9
82.9,1.68,34.2,43.81,193.57,42.2,0.294,128.2,368,0.66,101.723,2.22,7495,29,421,59.2
66.4,2.05,83,37.29,56.44,49.6,0.119,386,138,1.81,99.365,2.97,6735,27.7,205,68.2
29.9,2.57,93.5,43.16,115.59,33.4,0.387,156.4,236,1.77,99.887,2.59,3218,28.8,687,71.7
35.9,2.46,50.2,43.8,137.52,45.4,0.174,176.6,356,1.45,101.22,1.51,1776,32.4,1494,79.1
69.4,1.9,90.8,38.07,126.44,36.2,0.196,212.7,181,1.24,101.841,2.22,1000,19.5,1296,75.4
30.2,1.54,51,28.08,56.06,46.5,0.212,213.1,172,1.6,98.846,2.23,7532,26.7,840,66.6
39,2.97,92.1,35.63,48.47,30.3,0.116,347,97,0.51,97.248,1.69,4543,22.9,1893,75.6
60.8,1.85,82.9,15.96,56.3,49.8,0.248,233.2,337,1.47,97.976,2.83,3221,15.1,1441,77.7
73.3,1.9,86.9,37.46,129.94,30,0.14,147,228,1.76,102.745,2.73,8707,17.3,125,69.1
70.5,1.31,32,17.39,129.82,33.6,0.217,176.5,229,1.01,100.125,1.87,5954,20.8,1483,66.4
44.2,2.56,97.6,37.37,77.54,44.8,0.203,259.1,148,0.66,97.468,1.85,5304,25.8,49,72.1
73.3,2.42,81.6,18.9,139.49,34.9,0.345,145.7,379,1.12,98.112,1.54,7714,32.7,1314,67
44.4,1.43,50.4,15.05,169.98,39.9,0.327,291.9,83,1.54,102.327,1.9,8110,31.7,412,61.3
48.8,1.13,88.2,16.97,47.11,35.3,0.15,273.8,119,0.67,100.168,2.39,6821,26.9,1360,68.9
73.9,2.28,50.6,10.17,117.72,43.1,0.207,309.4,220,0.83,96.647,2.06,4357,17.1,624,61.1
71,2.21,89.8,38.35,151.32,30,0.225,395.7,321,0.73,97.765,2.91,3794,20.8,1734,69.2
83.7,1.5,37.6,40.15,81.82,26.9,0.148,369.6,108,1.71,102.294,1.54,7925,22.3,689,54.5
69.2,2.83,77.7,30.09,88.47,32.3,0.335,378,230,0.59,98.845,2.4,5069,27.8,1248,64.9
64.1,1.28,66,16.92,133.04,37.2,0.303,174.5,68,1.54,104.142,2.77,6851,16.2,576,62.9
36.1,1.88,36.1,13.78,182.68,29.9,0.158,140.8,275,1.05,103.821,2.24,8946,26,1789,67.2
52.2,2.81,47.5,11.02,167.88,34,0.202,194.1,144,1.61,102.962,1.45,9152,32.9,1547,68.5
46.1,1.81,30.7,16.74,129.98,35.8,0.134,366.5,346,2.01,100.956,1.84,2788,29.3,486,74.2
44.6,2.19,61.7,43.31,158.68,26.2,0.28,403.1,130,0.69,102.019,2.02,1805,30.5,1826,65.2
86.7,1.77,53.3,19.59,99.6,39.9,0.134,353.6,224,0.98,99.879,2.88,2693,29.2,723,58.8
53.2,1.57,70.9,25.02,143.18,47.3,0.374,130.3,271,1.7,99.894,2.93,7545,18.8,1326,65.8
83.3,2.97,51.4,14.48,113.6,28.4,0.335,369.7,152,0.91,97.555,2.91,3882,17,1470,61.5
64.4,1.82,51.3,19.06,70.58,39.7,0.218,226.2,103,0.82,99.882,2.69,1748,31.4,47,61
77.8,2.79,82.4,30.35,150.3,42.8,0.274,104.6,232,1.73,97.421,2,976,28.4,1965,71.3
63,1.42,32.1,35.01,130.8,35.2,0.361,236.3,367,1.98,100.007,2.87,3290,26.8,696,63.3
64.1,1.41,95.6,19.19,96.53,41.1,0.274,114.7,398,1.35,97.552,3.1,1402,18.8,379,71.6
59.6,1.07,90.2,12.27,184.88,35,0.152,260.9,370,0.91,98.241,2.14,1541,26.5,1735,73.1
41,2.35,78.2,26.53,43.2,37,0.211,206.8,117,1.09,94.886,1.84,6919,15.5,1364,78.2
71.7,1.75,73.2,19.06,96.44,25.4,0.359,242.7,77,0.78,98.411,2.35,199,17.4,174,74.4
46.6,2.78,95.6,19.01,48.1,42.8,0.291,286.5,323,1.59,98.528,1.84,1189,21.3,230,70.2
31.9,1.9,42.1,46.69,161.11,41.8,0.298,352.5,331,1.69,99.371,1.51,8290,23.4,1411,67.5
68.4,2.85,35,34.2,147.46,25.7,0.354,287.7,360,1.81,102.352,2.88,8557,17.4,151,58.2
40.3,1.32,46.2,32.39,93.49,34.2,0.374,234.4,168,0.53,99.86,2.91,3329,17.6,1805,73.9
87.3,2.78,84.1,26.82,153.23,49.2,0.382,363.6,183,1.33,101.841,1.75,907,29.3,1438,77
87.6,2.48,33.3,28.28,102.88,34.5,0.127,375.3,178,0.82,101.926,2.05,7300,25.9,701,58.6
85.4,2.6,69.4,31.32,158.93,37.5,0.264,138.4,57,1.03,102.809,2.79,3628,26.4,717,65.4
53.5,2.67,98.9,38.31,112.53,50.3,0.322,264.2,100,1.68,98.186,2.51,457,24.4,996,73.9
31.6,2.61,87,38.52,108.16,42,0.326,185.8,390,0.78,97.625,2.13,1548,34.2,739,75.7
88.3,2.23,67.5,16.67,194.79,38.1,0.275,110.7,330,1.48,99.755,2.64,1367,16,1548,72.6
54.3,1.25,34.4,30.58,78.46,46.2,0.147,305.3,224,1.48,97.908,2.88,5837,18.5,1900,58.2
89.5,1.07,89.8,26.83,60.05,47,0.337,370.2,232,1.95,99.491,2.89,9156,27.4,1148,61.5
90.7,2.82,72.9,44.58,133.26,36.6,0.316,150.6,241,1.67,98.069,2.12,7979,18,884,72.7
78.5,2.25,36.8,35.39,200.72,36.6,0.124,342.7,298,1.67,97.548,1.71,5358,27.7,436,64.9
47.6,2.54,36.7,30.7,105.07,34.8,0.239,359.6,284,1.31,100.69,2.81,4150,26.8,1285,59.2
52.5,1.97,91.6,14.36,51.74,49.2,0.145,374.4,132,0.75,103.687,1.67,6503,34.6,1359,63.2
81,1.22,77.1,34.21,92.43,43.5,0.201,184.6,142,1.14,99.465,2.57,4400,32.5,1397,64
50.1,1.25,87,14.91,118.91,27.6,0.106,373.4,361,1.3,100.521,1.68,2494,32.1,56,76.7
39,2.31,94.9,23.33,68.14,47.1,0.224,199.4,317,1.46,100.108,2.12,6795,17.8,1838,64.9
63.7,1.89,73.8,15.52,144.99,36.5,0.273,272.2,169,1.42,99.922,2.15,8689,31.9,673,63.7
85.2,1.39,65.9,37.51,196.57,26.8,0.29,117,120,1.11,102.853,1.67,3816,17.9,1446,65.5
73.5,2.02,60.2,18.55,109.22,38.3,0.31,113.5,66,0.9,99.434,2.92,8339,28.2,1541,65.5
64.7,1.11,49.8,24.98,97.03,36.3,0.351,307.2,302,0.77,93.514,1.49,4285,29.9,1274,60.7
35.7,2.16,58.4,46.62,103.25,46.3,0.165,235.9,171,1.54,98.219,2.87,4124,17.7,784,68.1
65.9,1.57,84.8,18.36,58.88,30,0.138,180.5,59,1.47,100.182,2.82,281,28.2,1256,67.2
94.2,2.53,72.1,29.49,182.01,44.7,0.355,152.4,336,1.51,99.755,2,6757,15.9,83,66.4
38.6,1.59,93.3,26.64,103.79,38.6,0.146,304.1,365,1.07,99.521,2.56,7893,20.8,1529,74
59.4,1.94,60.1,10.86,100.3,26.1,0.403,100.3,375,0.9,98.936,1.83,6704,33.3,204,67.5
81.3,1.05,72.9,40.12,148.3,49.1,0.358,327,322,1.63,100.15,2.55,1492,18.2,812,69.8
75.1,1.15,70.4,12.5,113.01,37.1,0.254,124.8,355,1.62,104.092,2.28,1056,16.2,210,72.4
70.8,1.75,70.5,28.09,142.65,33.1,0.388,162.1,342,1.15,99.319,1.91,5731,23.9,1665,66.7
71.3,1.95,79.9,32.05,50.01,36.6,0.132,216.4,259,1.45,104.323,2.12,4076,31.4,1088,68.2
52.6,2.29,48.2,35.87,166.65,46,0.191,235.8,267,1.04,100.923,2.58,4321,16,1383,63.5
48.5,1.54,65.7,38.14,190.28,33.1,0.286,208.4,290,1.6,98.621,2.84,9883,22.5,1330,71.5
77.7,2.42,37.7,19.93,146.98,31.1,0.208,200.9,249,1.73,101.707,1.67,7512,33.2,1667,67.1
80.4,2.73,56.2,10.61,199.16,28,0.369,383.3,265,1.52,95.115,2.36,4164,16.7,268,60.8
80.9,2.5,64.7,39.45,64.07,32.3,0.114,291.7,254,1.34,99.935,1.81,193,21.4,1303,69.6
87.7,1.07,74.9,32.23,115.66,43.8,0.255,106.5,265,1.18,100.99,2.74,349,30.5,1186,69.4
61.3,1.89,100.3,43.37,132.37,37.3,0.276,229.9,129,1.44,101.041,1.6,6771,25.2,62,69
60.4,1.22,71.6,43.32,131.48,31.3,0.305,360.3,316,1.51,101.271,2.54,8468,31.3,409,64.3
77.3,1.5,81.8,46.68,104.09,29.1,0.178,195.8,84,1.3,101.423,1.74,6947,17.4,533,71.1
68.2,2.89,66.5,29.22,93.77,33,0.209,131.9,338,1.43,100.589,2.36,3997,32.7,147,66.3
68.8,1.3,75.1,23.31,59.61,49,0.362,324,67,0.65,101.437,2.66,308,33,693,63.2
77.3,1.97,34.7,41.53,105.12,34.1,0.16,289.8,214,1.97,98.838,2.68,9919,17.9,55,60.5
83.4,2.2,48.2,28,66.57,51.2,0.355,262.5,62,1.7,102.337,2.56,9836,15.4,1118,70.6
48.4,2.36,54.2,17.53,156.98,36.7,0.274,114.4,251,1.06,99.051,2.24,5408,34,434,63.1
53.4,2.15,63.4,44.25,74.42,30,0.327,144.1,278,1.4,102.275,2.78,717,24.1,551,75
35.5,0.99,33.6,44.07,49.34,47.4,0.313,287.7,395,0.58,99.943,2.42,5232,26.7,1796,73
66.3,1.6,39.5,28.66,132.36,35.2,0.16,163,50,0.58,100.423,2.84,8589,26.8,970,55.1
31.7,2.01,49,12.89,133.09,44,0.275,253.5,368,0.89,101.722,2.36,6765,31.5,529,71.6
59.4,1.16,96.8,24.63,180.68,49.9,0.351,261.3,266,1.58,103.008,2.29,7161,32.6,1194,60
62,1.72,51.7,43.11,126.69,26.6,0.226,190,83,1.82,100.068,1.8,867,18.8,408,72
47.1,1.06,64.3,45.58,94.53,27.9,0.389,390.4,315,1.36,100.428,2.31,1091,20.5,155,68.3
65.7,1.16,43.3,18.28,168.99,43.5,0.236,352.5,177,1.31,94.801,1.65,1271,32.9,43,66.9
31.8,1.74,73.6,11.88,125.63,31.4,0.145,323,261,1.14,98.257,2.83,9006,31.5,1884,70.3
32.4,1.26,49.5,45.54,51.52,30,0.217,124.7,312,0.73,96.947,2.48,5177,27.3,1470,66.9
76.3,2.03,45,25.42,128.72,26.2,0.383,131.4,361,0.67,99.142,2.93,7898,33.5,1639,56.2
51.5,2.39,63.9,30.69,181.55,24.7,0.199,246.8,129,1.59,98.652,1.63,1094,29.4,1958,66.1
37.6,2.64,29.7,48.18,103.16,45.8,0.367,145,214,1.91,98.402,1.84,9193,18.9,1861,63.2
58.9,1.38,30,12.49,88.78,28.1,0.352,389.3,301,1.22,97.913,2.83,8198,32.5,1467,56.9
77.2,1.34,46.4,36.47,62.52,37.4,0.209,147.2,61,1.46,101.024,2.17,2212,24.1,1401,72.4
42.2,1.2,32.8,12.99,66.56,39.9,0.124,247,353,1.84,96.373,2.26,8629,15.8,679,69.7
68.6,2.33,37.4,24.26,109.74,35.3,0.328,205.7,261,0.65,97.799,2.72,2619,21.5,209,76.2
35.2,2.42,53.2,42.52,129.76,25.6,0.191,292.5,331,1.68,100.037,2.35,2053,30.9,1187,69.1
32.7,1.04,87.2,26.21,53.25,46.5,0.328,137.4,161,1.44,101.916,1.79,2688,34.3,1176,69.7
63.1,2.94,69.2,48.76,190.14,26.3,0.236,226.2,260,1.41,98.111,2.69,9177,21,1843,62.9
64.5,1.12,66.9,32.37,165.25,43.6,0.256,184.6,288,0.93,102.098,1.54,9317,20.9,853,59.5
68.3,2.07,50.3,22.56,133.81,48.5,0.323,368.1,317,1.48,94.517,2.75,3328,27,1393,63.8
75.6,2.44,97.7,19.25,171.68,35.8,0.218,112,347,1.71,99.991,1.56,7071,30.8,1148,69.1
88.2,2.77,56.7,24.1,55.02,39.9,0.236,378.5,366,0.7,100.608,2.59,7059,30.4,341,71.3
62.2,2.41,36,25.21,111.4,37.8,0.213,341.4,107,1.31,98.003,1.57,7950,25.8,1139,58.8
49,2.61,71.8,12.92,139.85,34.9,0.219,185,83,0.64,97.332,2.49,2911,27.5,1075,78.4
80.5,1.69,39.2,24.56,173.5,47.3,0.248,334.6,312,1.8,100.205,1.55,5086,20.5,993,62.3
47.2,2.59,54.2,27.96,164.03,47.9,0.35,109.1,84,1.29,99.913,2.72,6669,23.2,1033,71.4
56.9,1.19,64.2,38.87,80.79,33.7,0.213,396,320,1.75,98.341,2.19,263,19.9,324,76.8
32.9,2.68,89.6,36.9,192.08,39.5,0.263,254.7,276,1.08,99.401,1.64,3695,33.4,917,72.1
31.8,2.12,65.2,38.17,59.35,48.4,0.308,188.7,74,0.7,98.757,2.48,7231,17,1199,72.5
85.6,2.57,76.3,10.46,179.53,48.4,0.182,213.3,283,0.54,102.464,2.24,2509,27.5,989,62.4
80.7,1.9,99.1,18.7,200.27,37.3,0.182,117.3,108,0.93,101.334,1.76,9392,19.6,947,62.8
73.6,2.21,38.5,35.33,68.76,37.1,0.375,404.9,300,0.84,100.385,1.56,303,24.2,155,67.1
55.3,2,49.1,28.5,153.6,32.1,0.321,111.8,384,1.36,103.754,2.09,9791,21,389,61.1
41.1,2.46,57.7,10.53,46.81,48.5,0.273,291.9,135,0.54,102.065,1.61,2237,21.3,637,70.2
39.1,1.16,59.4,41.19,103.98,27.9,0.293,227.7,300,1.26,102.485,1.61,465,20,841,66.1
43.6,1.14,58.5,40.39,121.86,38.9,0.108,383.2,229,1.08,103.121,1.89,2970,30.1,1198,74.7
62,1.48,93.8,32.52,134.92,32,0.283,176.1,256,1.35,99.653,2.38,8139,22.1,1704,72.7
72.4,1.34,82.8,12.36,187.31,33.1,0.257,259.6,393,1.58,97.552,2.32,7435,29.1,318,73.3
69.6,2.74,74.4,40.1,149.22,34.4,0.264,249.2,198,1.45,96.425,1.59,2079,24.2,29,63.2
48,1.46,51.3,33.21,116.47,50.3,0.213,316.4,120,1.95,101.453,3,1931,26,907,62
88.6,2.89,88.9,41,167.83,26.6,0.121,122.3,170,0.72,98.066,2.83,6354,26.4,867,70.8
77.6,1.68,98.2,39.29,190.15,40.4,0.16,160.8,302,1.16,106.601,1.95,4483,35.9,1130,64
62,1.37,86.8,41.96,43,27.1,0.377,162.6,142,1.16,98.281,1.67,8071,21.4,1696,73.6
68.3,2.55,30.1,31.14,197.56,29.1,0.228,326.5,305,1.09,97.951,2.89,241,19.4,1643,76.9
56.1,2.34,75.3,15.57,53.49,36.8,0.246,163.4,303,1.48,101.528,2.22,5737,33.3,205,67.9
44.8,2.02,33.1,36.36,174.97,37.2,0.113,277.4,337,1.25,101.552,1.89,7219,19,1841,71.8
50.4,2.09,47.8,35.48,83.35,32,0.11,163.3,358,1.23,103.561,2.21,9797,31.4,223,66.9
74.5,2.48,34,41.04,61.81,32,0.311,354.3,108,1.11,99.452,2.65,6904,17.9,1286,61.2
30.5,1.39,71.9,17.12,112.9,27.2,0.268,383.5,118,1.96,102.301,1.78,2315,27.4,1328,70.4
38.2,2.88,77.6,17.4,147.98,32.4,0.25,259.5,135,1.92,99.669,2.7,1080,18.4,1393,76.5
33.3,2.89,38.4,44.62,99.31,48.5,0.175,206.4,323,0.96,101.085,2.68,6492,33.6,530,65.6
33,2.31,56.9,40.35,49.73,49.6,0.319,166.4,276,0.67,99.557,2.3,5343,26.9,669,71.1
81.5,1.38,62.7,46.49,136.47,34.1,0.154,116.7,130,1.73,103.8,2.76,9040,21.4,1122,69.2
71.9,2.3,58.6,39.36,188.26,40.1,0.161,183.9,163,1.96,104.509,1.7,7171,17.6,403,61.6
58.8,1.14,38.1,34.08,100.01,48.1,0.246,291.1,233,0.97,97.578,2.38,4944,22.7,42,71.3
35.9,1.06,59.6,36.24,74.44,24.5,0.185,265.1,329,1.05,102.52,2.1,4153,28.9,1179,76.6
59.4,1.5,83.4,46.91,110.01,45,0.174,384.1,371,1.87,98.1,2.14,4318,23,931,69.2
58.8,1.88,35.7,32.86,47.31,49.7,0.293,221,367,1.5,102.314,1.84,2269,20.1,1339,63.6
39.5,2.74,35.9,36.27,171.42,27.8,0.295,311.3,103,0.92,103.275,2.05,174,26.6,307,78.7
56.3,2.49,53.6,16.72,180.81,29.7,0.344,248.2,246,1.34,98.053,1.65,5922,23.1,1661,76.4
53.8,2.43,94.7,28.57,135.87,49.3,0.23,251.7,342,1.87,97.542,1.96,2051,18.4,276,76.1
66,1.91,77,38.93,95.82,38.3,0.12,182.1,342,1.72,98.966,1.94,2123,17.8,1817,77.1
69,1.67,76.4,20.75,166.98,24.4,0.182,236.7,340,1.63,102.315,2.61,1263,29.2,892,70.5
33.9,1.72,53.7,18,130.2,32,0.396,242.8,229,1.6,100.936,1.6,1867,35.7,1073,76.9
53.8,2.98,70.4,22.66,171.51,36.2,0.282,310.3,271,0.76,99.476,2.46,315,20.1,1768,65.6
67.2,1.08,30.2,19.35,140.52,41.3,0.305,385.2,323,1.75,101.403,1.79,6565,30.2,581,57.6
61,2.61,73,18,161.83,44,0.102,198.8,293,0.91,99.409,1.55,4104,16.8,376,69.5
82.8,2.15,98.7,26.71,135.64,51.3,0.256,110.4,203,1.83,100.25,1.97,5498,22.4,917,71.6
69.7,1.9,73.3,47.41,100.9,32.7,0.113,251.6,353,1.05,101.084,1.86,6422,25.3,486,71.7
39.8,2.5,91.4,30.16,186.44,39,0.27,269,322,1.8,100.945,2.29,9409,20,1053,68
34.5,1.97,82.2,17.51,125.69,39,0.375,151.8,184,0.92,103.379,2.01,702,25.3,553,76.4
72,2.73,39.8,13.29,138.62,33.2,0.392,327,362,1.3,97.556,2.9,4162,33.9,1787,73.6
31.8,2.84,93.9,36.64,77.7,30.2,0.268,398.7,57,0.65,101.847,2.9,2512,34,1189,70.6
63.5,1.91,35.4,25.53,141.23,48.7,0.228,378.7,177,1.48,98.087,2.14,4747,16.9,0,66.8
84.6,1.56,66.7,44.31,132.86,45.7,0.384,161.7,105,1.76,99.147,2.71,9093,19.6,1651,68.4
64.3,2.18,39.2,36.45,69.73,37.1,0.309,369.1,175,1.58,99.657,1.55,7046,34.7,656,66.8
52,2.9,31.4,40.24,50.36,39.8,0.117,311.2,208,1.32,99.134,2.32,6759,21.3,630,67.9
68.4,1.39,60.6,20.85,137.28,31.6,0.236,236.8,108,0.57,97.289,2.68,4380,28.5,769,60.8
60.1,2.25,51.5,38.15,163.4,39,0.176,256.9,107,1.88,99.062,1.91,6751,19.9,1216,68.5
62.1,2.37,64.2,20.61,119.87,41.8,0.239,359.1,189,1.6,100.539,1.6,319,22.1,891,65.4
84.6,2.49,69.3,47.82,76.68,37.5,0.235,243,225,1.66,99.683,1.73,5860,18.6,1251,66.6
52.9,1.28,32.7,35.73,146.71,52.2,0.276,201.3,157,1.72,102.911,2.06,5561,33.5,297,61.2
87.5,2.42,39.5,22.55,52.38,40.6,0.195,248.6,260,1.57,99.77,2.29,3345,33.3,1913,67.5
82.7,2.85,68.3,20.44,109.94,34,0.144,273.2,123,1.16,100.017,2.07,1988,21.2,1472,63.1
40.7,1.39,54.2,17.51,64.37,42.9,0.254,153.6,216,1.59,100.335,2.16,8330,32.8,503,70.4
35.1,1.43,79.8,38.08,70.26,28.3,0.347,377.6,353,1.45,99.685,2.2,530,22.9,1414,73.1
36.4,2.94,75.4,18.3,72.71,33.8,0.298,299.8,282,1.75,100.936,2.63,709,17,1128,79.5
30.8,1.37,87.3,35.2,102.01,33.7,0.199,285.9,376,1.73,98.917,1.62,4434,30,224,70.7
34.8,2.71,78.4,19.59,48.41,36.6,0.379,132.8,231,0.57,97.624,2.7,2551,26.8,363,73.6
70.2,1.97,59.5,35.23,101.06,45.1,0.383,283.6,171,1.09,99.839,2.4,7549,20.3,80,64.8
33.4,1.54,74.5,43.07,126.17,38,0.163,133.7,383,0.54,100.734,2.64,6344,20,1604,69.8
48.6,2.75,49.9,41.51,119.54,45.4,0.114,123.6,252,0.66,100.293,2.52,7637,34.2,1110,70.2
84,1.86,52.1,40.38,102.5,38.4,0.321,254.2,78,1.42,98.197,2.26,3198,31.5,640,65.8
31.5,2.07,85.3,17.75,179.44,33.8,0.348,215.4,251,1.72,100.319,1.81,7356,29.7,254,68.3
77.9,1.77,59.9,13.69,63.52,45.7,0.393,269.4,142,0.69,101.355,2.33,8839,17.9,975,70.3
47.5,2.24,84,37.96,120.23,30.9,0.371,128.6,378,1.17,100.375,2.95,3359,28.5,1043,64
36.4,1.32,91.7,24.87,50.2,30.4,0.275,225.7,225,1.87,98.544,2.44,3378,19.4,1409,65.1
71.2,1.77,85.3,25.58,52.95,37.5,0.259,149.5,379,1.76,100.118,1.57,8727,35.2,1902,59.7
65.2,2.88,92.1,11.22,129.46,30.5,0.107,394.5,260,1.31,103.367,1.63,492,16.2,864,68.5
84.8,1.52,62.8,20.36,134.52,24.6,0.179,282.2,233,1.64,97.901,3.03,3493,22,778,74.7
73.8,2.36,54.9,11.78,175.6,43.3,0.23,309.2,144,1.24,102.171,1.6,1220,23.7,724,62.4
76.9,1.67,73.2,44.42,130.64,36.8,0.292,200.9,322,0.74,95.49,1.58,299,31.2,1625,75.7
47.5,2.64,56.6,19.72,197.48,34.9,0.263,126,186,0.7,98.88,2.07,1088,30.3,307,75.7
39.8,1.21,71.2,33.21,48.41,48.5,0.315,396.3,286,0.8,99.1,2.93,4182,22.4,698,66
73.6,2.95,76.7,11.69,56.85,39.6,0.183,185.9,314,0.98,102.135,1.98,6847,25.9,1404,73.8
77.8,1.94,78.8,36.69,46.93,47.1,0.276,224,184,1.92,103.511,2.08,2937,32.5,31,66.1
87.3,1.45,55.4,23.36,67.87,27.9,0.125,293.8,193,1.72,102.201,2.49,8224,15.6,586,70.7
54,1.12,42.9,45.19,129.26,39.3,0.216,106.1,68,1.17,101.006,1.55,4344,31,1249,67.3
52.1,1.31,57.9,47.1,148.59,46.2,0.319,344.1,280,1.24,102.106,2.77,9883,34,381,64.4
76.4,2.04,40.1,23.31,47.14,39.7,0.309,259.9,183,0.87,97.268,2.29,9762,15.4,608,62.2
49.1,1.63,94,44.54,193.97,42.7,0.384,181.2,163,1.54,101.764,2.19,7686,16,985,75.2
85.4,2.74,55.3,49.24,171.86,33.8,0.186,117.9,188,1.67,97.761,2.8,8951,21.8,828,63.6
82.5,1.88,41.5,41.16,85.88,27,0.242,151.4,174,0.84,98.474,2.89,7219,16.6,209,62.6
56.6,1.49,32,44.49,52.46,34.8,0.197,360.1,253,0.57,100.772,2.19,8791,24.7,1871,66.3
74.3,2.23,75.4,20.19,66.2,34.7,0.236,302.6,110,1.43,97.492,1.74,2390,29.6,90,64.7
75,2.47,75.9,32.76,60.43,46.6,0.353,176.2,299,1.35,102.434,2.84,3392,25.9,1523,73.6
36,1.37,54.2,12.99,63.35,30.2,0.297,118.3,347,1.13,99.989,2.11,7544,19.3,144,60.9
81.8,1.31,35.3,13.77,121.23,48.8,0.364,315,62,1.42,97.392,2.89,4272,28.6,931,69.1
59.7,1.06,58.7,52.58,79.88,48.7,0.159,278,304,1.37,103.016,2.95,8588,28.3,345,68.1
80.9,2.46,51.4,22.51,93.88,30,0.371,226.7,134,0.91,99.425,1.68,8529,35.8,288,68.5
50,2.3,75.3,40.44,200.4,33.2,0.12,211.8,69,1.06,99.671,3.05,2944,17.6,250,75.5
84.4,1.88,70.7,41.93,147.38,46.6,0.37,168.3,99,1.16,99.543,2.07,8500,29.2,878,70.3
50.5,2.64,55.1,43.72,192.96,49.3,0.199,301,213,1.89,94.148,2.38,1550,33.6,1011,71
30.2,2.57,45.1,49.73,63.14,37,0.194,386.8,141,1.89,102.466,1.53,3285,25.4,263,76.3
85.1,2.12,97.2,19.8,101.42,33.1,0.252,151.2,137,1.8,100.048,2.88,5255,23,1945,70.5
36.7,2.76,60.5,11.63,126.32,39,0.369,270.5,118,1.6,100.263,2.45,2219,18.3,515,69.9
49.1,1.41,77.6,26.81,51.98,42,0.114,225.7,86,1.39,101.353,2.44,5815,32.4,893,61.6
87.2,1.24,40.6,15.39,40.86,32.1,0.202,232.6,302,1.54,99.364,2.82,5708,23.1,428,70
86.8,1.51,61.3,11.21,146.55,43.5,0.356,175.6,301,1.9,97.739,2.22,2120,32.4,981,68.2
62.7,1.13,31.3,23.83,146.7,27.6,0.219,365.1,189,0.88,98.11,2.13,7820,32,1506,57.7
68.4,2.07,65.6,40.06,105.81,26.2,0.158,242,217,1.24,101.705,2.76,5981,22.7,1026,67.1
55.2,2.84,100,32.6,115.99,35.2,0.232,261.9,103,1.5,99.931,2.68,3149,26.1,600,65.1
47.5,1.11,59.4,22.15,107.39,34,0.211,199.7,227,1.52,101.983,2.87,2291,16.2,493,60.6
49.8,1.25,32.5,36.81,41.7,33.6,0.371,152.4,346,0.84,102.319,2.83,8745,20.4,1500,64.9
70.4,1.88,31.9,18.87,97.33,37.7,0.326,123.2,350,1.38,101.748,2.07,8451,28.8,231,62.5
73.2,2.88,57,10.46,65.98,33.2,0.257,313,155,1.69,102.493,2.08,2243,28.2,751,66.9
76.4,1.6,41.4,40.3,56.75,29.1,0.397,156.7,186,1.19,98.567,1.79,351,21.7,292,72.5
78.4,2.01,31.6,36.18,195.94,32,0.239,313.7,239,1.67,101.187,2.52,8044,30.7,498,65.3
35.5,1.13,83.1,42.2,132.82,48.8,0.12,217.8,177,1.02,99.019,2.05,6074,19.8,305,60.3
58.8,1.25,60.4,11.29,158.34,35.1,0.177,219.8,391,1.89,97.777,2.57,1010,24.4,1790,68
32.7,2.94,48.6,41.58,89.21,36.2,0.235,242.3,96,1.31,100.885,1.69,5937,24.7,1461,75.6
64,2.92,94.3,34.38,102.56,38.9,0.148,211.1,54,1.41,101.503,1.66,4523,22.1,1167,78.3
56.5,1,38,32.51,78.64,47.6,0.394,126.6,306,0.56,99.304,1.75,7916,34.4,444,57.1
81.4,2.87,98.5,34.96,55.46,31.7,0.328,194.6,349,0.75,100.063,1.65,2051,30.2,1014,76.8
50.9,2.36,52.2,44.5,67.27,42.4,0.179,302.1,199,1.46,101.359,2.5,4479,26.3,1041,66.8
36.4,2.71,89.5,34.02,168.98,43,0.278,291.7,343,1.1,98.77,1.79,1609,24.7,1182,77.8
38.8,1.92,74.4,32.97,147.79,41.2,0.316,181.4,292,1.27,101.615,1.75,9435,18.2,120,72.5
77.6,2.01,87.9,49.84,127.23,26.8,0.388,236.4,324,0.59,98.179,1.52,8169,21.9,1939,74.8
65.6,1.99,97.4,40.79,115.89,41.8,0.363,156.1,257,1.77,100.807,2.77,7510,28.5,907,68.2
36.2,2.38,49.7,27.81,182.54,26.7,0.249,165.1,164,1.67,97.556,2.73,6789,32.5,1879,75.4
35.1,1.28,94.9,38.81,50.48,39.6,0.341,106,244,0.77,102.65,1.73,4283,31.2,20,69.8
69,1.05,57.6,24.7,83.9,42.8,0.279,367.7,392,1.43,101.343,2.58,9288,21,490,61.6
34.9,1.61,56.9,19.2,96.78,30.8,0.257,159.8,219,1.76,103.994,2.17,708,23,208,77.2
82.6,2.44,56,34.03,162.12,46.3,0.136,171.5,131,1.44,98.106,1.8,8281,16.7,1587,61.2
72.6,1.43,68.6,46.97,203.53,26.1,0.14,181.1,203,1,101.307,2.49,2188,16.9,631,67.7
35.8,2.36,42.4,46.6,78.82,45.3,0.26,135.4,190,1.45,99.924,1.72,3336,23.9,1688,71.8
34.2,2.94,67.4,23.89,181.2,37.1,0.186,292.1,363,0.83,97.036,2.59,5303,26.1,1668,72
87.9,1.22,67.5,31.18,171.75,30.1,0.103,125.2,195,0.93,100.192,1.58,7881,20.1,1378,65.1
52.5,2.32,84.8,18.45,73.52,28.5,0.313,141.5,372,0.86,101.093,3.04,8566,28.5,1381,60.2
51.3,1.87,89.4,49.5,105,50.8,0.11,290.1,171,1.32,103.912,1.6,5681,29.2,1423,69.2
78.8,2.83,60.8,48.96,104.02,27.3,0.284,200.3,301,0.67,98.981,2.32,4190,20.8,1443,69.5
88.6,1.35,50.1,35.43,190.65,30.2,0.268,304,392,1.93,100.939,2.91,9606,29.6,774,57.7
87.6,2.42,46.1,41.78,67.79,34.6,0.381,277.5,360,1.04,100.584,1.5,2369,18.7,1244,70.5
76.8,2.63,43.4,37.88,167.6,40,0.237,182.3,138,0.82,99.628,2.17,7791,26,1776,69.5
50.6,2.95,33.9,33.47,89.02,39,0.121,297,107,1.23,99.751,2.05,6156,31.3,659,67.2
34.6,2.31,54.1,12.22,155.88,27.7,0.266,134.8,112,0.93,101.476,2.36,3702,25.3,1948,70.2
76.3,1.95,47.5,28.65,109.36,32,0.353,255,396,1.3,99.769,1.83,14,32.4,27,72.9
62.3,2.28,95.9,36.95,132.62,32,0.405,230.5,357,1.01,99.501,1.62,4378,16.4,717,65
54.8,2.72,69.6,37.04,177.37,30.5,0.225,183.6,329,0.69,98.98,2.48,2697,27.2,268,73.2
86.7,2.13,54.9,25,167.31,36.3,0.195,285.3,121,0.89,96.97,2.09,1032,25.8,255,73
37.6,1.07,70.9,48.61,182.75,42.5,0.376,358.1,58,1.12,101.818,2.44,801,28.1,1644,64.6
60.4,2.85,39.5,16.62,48.21,31.2,0.154,406.1,143,0.56,98.927,1.76,3399,32,1847,67.9
31.3,2.33,59.6,30.29,152.54,34.2,0.282,288.9,388,1.67,102.439,2,6302,28.9,1591,63.1
57.4,2.33,75.2,37.91,62.26,34.9,0.222,221.6,385,1.39,102.492,2.3,8248,30.3,1943,61.1
32.6,1.4,65.2,37.41,109.42,49.4,0.114,170.9,201,1.44,104.788,2.38,1832,21.1,429,66.3
36.5,2.37,57.5,36.45,126.72,49.2,0.198,183,89,1.32,100.865,2.04,4257,22.3,284,79.6
36.6,1.83,101.2,20.14,102.24,44.8,0.182,253.2,111,1.38,101.104,1.91,3915,27.6,1045,74.7
68.1,2.26,91.5,16.59,124.39,30.2,0.308,207.7,303,1.92,101.197,1.85,5140,26.1,1651,64.6
75.6,1.22,72.6,34.59,206.01,26.7,0.378,377.5,118,0.51,100.492,1.72,8151,33.4,83,65.6
65.4,2.3,71.2,33.88,61.93,33,0.189,213.4,294,0.56,102.331,1.98,5371,19.1,2020,67.4
87.4,3.09,73.6,17.46,147.95,32.7,0.337,212,219,0.78,99.805,1.85,8444,21.3,1191,69.3
52.4,1.15,43.7,37.88,100.85,35.9,0.118,220.4,227,0.75,101.08,2.49,5180,26.6,1981,69.1
48.2,3,56.2,28.34,62.44,45.9,0.263,351.4,238,0.76,99.745,2.37,6106,32.1,716,70.5
80,1.8,32,37.33,65.33,47.4,0.12,294.3,309,1.52,97.371,2.05,4349,33.7,895,68.8
44.1,2.68,64.4,45.1,194.57,46.8,0.381,276.8,121,1.22,101.455,1.95,8318,21.6,1529,73
84.1,2.58,68.6,16.78,181.45,34.1,0.333,193.5,66,1.97,94.46,1.88,9118,16,1558,69.4
30.4,2.13,44.9,10.8,192.68,41.3,0.314,343,390,0.8,101.053,2.25,6321,23.3,466,76.4
90.9,2.41,95.2,41.2,196.43,34.1,0.337,105,106,0.96,102.124,2.97,8259,23.1,1821,62.1
32.8,2.76,97.6,34.24,72.57,27.2,0.278,370.2,267,1.94,101.146,2.53,578,34.6,1725,72.1
82.7,1.88,81.3,36.96,98.83,42.8,0.383,258.3,156,1.74,98.381,2.72,8959,23.4,36,73.5
62.8,1.68,69,42.55,150.13,25.4,0.314,222.5,353,1.2,103.042,2.85,1871,20.3,257,75.1
90.6,2.28,93.6,42.1,119.92,35.2,0.382,254.7,222,1.31,103.604,2.04,2543,21.9,1038,69.9
34.8,2.61,38.4,48.77,106.92,33.6,0.256,298.6,268,1.72,101.314,1.61,534,22.6,946,76.8
63,2.54,88.3,32.23,97.65,42.3,0.135,104.3,296,1.22,103.662,2.4,9482,32,1414,59.4
89.9,2.62,37.9,29.42,131.37,44.4,0.266,358.8,267,0.8,104.211,1.83,8627,16.5,179,58
60.6,1.81,86.8,26.87,131.67,32.9,0.136,239.2,80,1.8,98.703,2.34,9082,21.5,1272,60.4
66.8,2.63,49.2,15.76,66.2,47.5,0.287,192.5,96,1.31,98.176,2.52,8541,33.8,1207,63.9
74.4,1.25,92.7,33.04,116.12,31.8,0.248,144.6,183,0.72,101.469,2.74,4678,17.3,466,70.9
56.7,2.08,95.7,20.97,126.61,36.3,0.295,223.4,157,1.25,93.683,1.97,8713,30.4,1114,64
64.9,0.97,40.9,45.62,128.36,44.2,0.101,247.9,121,1.12,99.542,2.25,9878,21.8,416,67.9
66.4,1.64,64.1,32.2,75.15,43,0.157,216.5,376,1.82,98.661,2.44,5047,27.1,300,76.4
86.4,1.76,100.9,33.42,161.58,50.4,0.24,302.8,157,0.7,99.582,2.73,1775,16.9,1173,76.5
32.6,1.77,63.8,24.02,43.83,32.5,0.387,223.8,358,1.85,97.537,2.72,6760,21.7,1872,70.2
44.9,2.37,88.7,11.87,98.77,42.5,0.216,385.4,321,1.27,99.666,2.92,9571,26.6,474,72.9
86.9,1.83,70.8,11.44,167.93,39.7,0.236,282.8,220,1.12,101.209,1.56,8406,19.8,704,68.9
86.9,1.89,56.8,26.71,125.85,47.2,0.315,343.8,165,0.75,103.436,2.21,8787,25.1,511,61.3
57.6,1.48,50.7,13.12,81.62,28.9,0.273,135.5,378,1.55,100.919,1.86,9460,19.6,535,55.4
68.2,1.68,45.2,34.11,155.24,43.4,0.193,221,123,1.88,96.437,1.69,9137,28.2,814,67.4
47.4,1.42,82.1,44.67,126.62,39.3,0.219,194.7,305,1.07,100.104,2.9,8020,32.3,1365,69.6
42.1,1.2,56,46.81,162.54,32.1,0.161,283.6,130,0.85,102.812,3.18,7014,16.5,80,71.3
60,2.28,64.4,36.13,159.58,37.1,0.395,344.1,317,1.3,99.577,1.74,2697,19.2,1896,64.8
52.3,2.36,64.2,18.11,141.17,31.7,0.137,124.3,177,1.74,101.354,1.5,6182,32.1,97,72.1
64.9,2.14,70.7,45.98,117.45,38.9,0.209,123.6,375,0.51,102.419,1.84,5316,27.1,1729,63.5
33.9,1.88,91.3,46.1,60.73,47.9,0.111,357.2,284,1.45,100.338,2.76,8936,16.2,1751,71.7
89.2,1.71,95.9,17.9,79.03,40.5,0.168,163.2,90,1.39,100.716,1.98,4920,24.1,1056,61.9
88.8,2.65,57.4,38.87,106.42,40.5,0.338,309.6,230,0.99,101.163,1.56,1258,18.5,279,74.8
72.9,2.02,86.7,21.79,131.89,37.7,0.156,268.8,206,1.17,99.143,1.57,48,19.2,1159,76.9
61.1,1.99,86.5,40.87,121.33,26.2,0.126,349.7,108,0.84,99.55,2.12,6473,33.9,1232,75.8
48.3,1.04,69.6,50.58,88.37,31.9,0.241,136.3,394,1.67,98.229,2.83,5659,30.7,1704,70
78.8,1.67,94.1,11.26,39.97,37.3,0.102,136.7,298,1.47,98.994,1.95,3410,28.5,1143,63.1
69.7,1.75,44.4,46.8,118.8,31.3,0.126,263.1,241,1.28,101.586,2.07,1724,19.5,815,65.3
39.8,1.83,37.6,33.26,87.18,30.6,0.342,383.5,73,1.05,101.039,1.67,4639,17.5,1706,69
86,2.2,87.7,48.03,155.09,38.1,0.322,217.1,129,0.93,97.726,2.22,1019,33,1888,61.9
82.4,2.07,60.2,28.03,44.19,32.2,0.382,198.1,183,1.67,98.09,2.59,3382,15.4,1249,68.6
85.7,2.27,88.7,42.91,135.74,31.1,0.364,286.5,262,1.17,98.816,1.91,3704,22.3,1783,62.2
74.9,2.51,92.3,12.6,190.93,36,0.301,374.9,397,1.28,97.154,1.88,4763,20.9,1194,73.2
64.2,2.72,35,23.27,68.04,28.2,0.117,350.9,215,1.25,100.495,2.78,4714,27.2,1400,60.5
55.1,2.41,92.9,12.46,112.93,49.6,0.341,401.1,397,1.19,98.73,1.5,2608,20.2,1359,78.6
86.1,2.8,61.5,47.93,54.19,44.9,0.34,107.8,386,0.91,101.002,2.51,8558,21.7,1363,62.6
83.3,1.01,67,41.86,140.56,42.4,0.336,133.3,120,0.7,102,2.12,3565,32.3,643,67.5
32.4,1.35,73.3,44.87,123.21,27.7,0.242,292.8,263,0.64,96.624,1.99,2312,26.5,1119,73.2
31.7,1,93.5,47.46,100.45,44.3,0.172,346.2,114,1.61,98.73,2.47,1748,18.2,1191,69.4
53.8,2.35,31.5,13.63,123.04,44.5,0.357,180.6,270,0.84,96.891,2.7,3265,29.8,618,73.2
76.9,2.77,63.7,26.78,184.84,45.2,0.314,170.4,357,0.59,96.298,2.34,702,18.8,709,63.3
85.7,1.45,75.8,12.84,71.53,27.8,0.393,344.8,335,1.73,101.086,1.57,332,23.4,1516,64
39.9,2.77,83,17.91,42.2,40.9,0.146,119.8,234,0.73,100.376,2.15,6187,28.2,1158,63.9
64.3,1.12,76.9,19.12,181.79,46.2,0.161,203.6,256,1.45,98.836,2.21,6045,21.4,300,60.7
53.3,2.96,39.8,29.85,132.61,39.2,0.168,250.2,148,0.99,98.07,2.33,5382,23.5,1706,62.9
91.6,1.71,51.5,21.19,186.05,40.7,0.339,265.3,291,0.7,97.789,2.58,7701,28.5,1773,55.9
81.9,1.23,51.7,13.86,133.78,35.8,0.156,323.5,207,1.09,100.321,1.5,400,33.8,966,64.7
78.7,1.99,86.7,16.6,170.52,39.9,0.12,201.8,147,0.52,99.5,2.28,9280,26.3,432,63
56.4,1.47,51.1,16.14,109.88,26.3,0.405,292.7,91,1.78,98.183,2.36,969,15.1,1869,67
54,1.59,44.1,49.39,163.19,40.7,0.104,267.5,188,1.3,100.801,1.98,6643,21.5,1725,58.6
46.6,1.58,93.3,41.01,189.51,27.7,0.344,263.5,332,0.72,100.551,2.6,1364,22.7,477,67.6
33.2,2.58,30.5,48.48,129.43,36.3,0.211,285.1,276,0.85,98.034,1.86,9012,22.2,198,65
84.1,2.05,100.8,27.8,68.77,32.3,0.36,180.2,121,1.17,99.008,2.04,4994,23.9,860,74
79.8,1.62,77.2,21.01,82.14,37.8,0.254,120.2,292,0.77,101.708,2.9,829,27.9,1342,66.9
88.7,2.21,86.3,43.1,71.99,27.9,0.378,135.3,67,0.9,101.451,2.09,6140,17.4,351,58.3
91.3,2.41,49.6,22.35,77.21,43.1,0.373,166.7,126,1.25,98.679,2,92,21.2,1063,70.2
65.2,1.54,30,21.31,86.2,45.6,0.102,245.6,94,1.81,103.318,2.43,7766,25,829,69.1
75.7,1.84,78.6,19.02,134.97,28.3,0.123,360.7,392,1.15,99.615,2.9,6477,21.7,1820,70.3
87.5,1.24,87.8,14.98,139.27,27.4,0.171,321,189,1.51,101.572,2.91,2102,33.4,859,68.4
79.6,1.36,82.5,19.64,110.76,29,0.293,334,226,1.76,97.886,2.37,3856,23.6,1065,72.7
44.7,2.46,40.1,23.39,139.81,48,0.368,205.8,271,0.85,99.691,1.55,77,32.1,1910,72.3
56,1.39,83.2,37.75,53.87,38.6,0.247,218.7,141,1.68,98.152,2.92,6861,33,591,61.3
38.7,2.03,84.9,12.46,54.89,36.3,0.277,212.6,71,1.68,96.656,2.36,3146,30.7,573,68.1
86.4,2.42,78.1,18.33,69.73,27.8,0.154,154,221,1.05,99.909,2.04,5814,16.5,1576,69.6
67,1.21,83.7,42.41,121.68,41.1,0.333,115.8,141,1.97,99.303,2.76,9766,34.1,541,59
44.3,2.14,89.8,16.38,73.11,47.1,0.388,284.2,241,0.91,102.104,2.06,3018,18.4,1625,72.7
74.7,1.51,73.5,23.76,85.3,47.1,0.177,400.2,126,0.88,98.809,1.56,9750,15.9,196,73.8
66.7,2.93,36.3,44.49,105.29,40,0.244,147.2,330,1.66,100.502,2.73,6112,23.4,221,66.8
50.7,1.96,64.2,15.99,169.03,27,0.126,112,228,1.16,99.164,2.32,2448,18.9,1827,67.3
36.8,2.58,35.5,13.47,41.75,27.8,0.26,327.2,287,1.01,98.039,2.03,4446,18.9,1078,61.9
69.1,2.08,60.4,29.34,148.04,26.1,0.259,169.2,184,0.78,101.608,1.91,7329,21.1,1432,58.7
60.6,1.05,60.2,22.83,144.56,31.3,0.14,352.5,329,1.73,98.727,2.28,4471,20.2,450,71
77.4,2.3,33.4,32.43,172.71,29.1,0.238,310.4,68,1.69,99.128,1.78,664,30,337,73.7
60.4,2.93,54.7,43,192.89,31.9,0.208,396.8,132,1.38,97.621,1.96,1659,19.2,1647,78.4
82,2.29,37.8,15.27,44.87,34.3,0.263,213.4,277,1.98,96.577,2.45,7974,25.5,715,56
63.9,2.58,88.8,32.75,67.43,49.2,0.282,303.7,314,0.99,100.874,2.82,6470,34.2,927,63.3
64,2.75,96.3,29.12,183.13,39.8,0.104,243.9,161,0.82,99.792,2.33,5720,23.9,57,66.8
83.7,1.49,35.2,16.01,118.08,44.2,0.33,295.4,300,1.55,101.816,2.66,1714,27.9,795,67.6
53.9,1.43,95.6,34.93,131.65,40.8,0.321,236,213,1.65,101.006,2.71,8169,34.6,1511,58.2
36.5,2.29,67.7,21.21,147.24,28.1,0.209,159.5,217,0.82,97.496,2.48,9647,17.2,1622,61.9
31.8,1.88,49.7,30.51,149.23,43.2,0.118,253.9,270,0.63,99.981,1.84,403,23.8,1392,75.3
75.4,2.55,35.2,13.07,187.44,32.5,0.334,254.7,353,1.66,99.881,2.79,778,31.8,1348,64.5
66.7,2.81,63.7,27.82,202.54,41.3,0.39,340.4,240,1.99,102,2.16,8899,35.1,1030,63.2
73.2,1.72,85.1,21.91,158.8,33.7,0.171,317.9,374,1.45,102.417,1.57,7949,27.2,1083,71.4
43.4,1.47,78.6,41.09,83.55,49.5,0.199,306.1,219,0.92,96.522,1.86,6099,17.8,1481,71.9
38.3,2.54,34.1,12.23,190.01,31.9,0.154,137.4,94,1.94,102.186,2.71,9371,33.4,505,69.9
30.9,1.6,34.9,27.22,49.43,33,0.27,321.3,63,1.81,101.907,1.64,6516,18.2,456,69.8
52.3,2.64,59.9,28.37,76.08,46.3,0.149,250.4,280,1.26,98.375,1.76,2207,22.8,1943,70.6
64,1.73,50.4,37.77,185.65,25.5,0.207,353.1,206,1.73,99.881,2.49,7043,23.6,57,68.9
53.2,2.31,45.3,32.74,80.92,43.6,0.314,382.2,183,1.7,95.781,2.88,6371,24.3,281,68.9
57.4,1.24,49.4,36.78,75.81,42.1,0.269,118.4,86,1.92,99.882,2.53,9829,31.2,1141,65.2
85.2,2.2,87.1,41.87,61.93,46,0.218,348.2,102,1.78,97.899,1.87,2133,30.7,1481,77.1
50.7,1.95,98.3,45.2,179.31,48.7,0.232,112.4,67,1.45,101.027,1.56,6029,29.4,1046,66
61.3,2.22,57.6,22.4,117.44,49.1,0.268,206.7,87,1.42,100.784,2.41,7608,15.6,707,66.8
76.2,1.33,96.5,31.3,154.46,25.7,0.101,260.9,236,1.21,99.809,1.52,3376,25.7,2036,68.6
54,2.48,52.3,44.12,76.7,46.4,0.125,142.1,245,1.38,100.376,2.48,3766,30.9,1468,61.7
68.3,2.72,62.8,48.99,163.07,41.3,0.346,322.9,292,1.71,98.374,1.8,9007,23.2,1666,66.5
83.9,1.42,46.5,46.36,159.41,40,0.125,104.3,349,1.93,97.726,2.83,4048,32.5,80,62.5
88.1,1.18,77,24.53,89.73,28.4,0.307,151.9,352,1.14,104.222,2.24,6192,32.6,482,68
39.9,1.08,99.6,18.36,106.68,41.4,0.389,268.5,84,1.35,102.027,1.84,9109,28.2,748,61.4
83.1,2.28,70.2,29.71,73.69,48.9,0.184,325.8,264,1.14,100.229,2.8,2076,15.9,372,65.2
56.9,2.18,55.4,38.11,196.76,49.7,0.215,376.3,268,1.49,99.562,1.86,9662,28.1,144,69.2
43.5,2.12,78.6,30.08,142.24,36.3,0.276,307.4,365,1.46,104.793,1.91,7102,33.4,453,65.2
58.8,1.48,36.8,29.48,186.91,26.7,0.361,299.7,139,0.54,103.323,2.76,4914,22.6,1060,74.4
89.9,1.73,92.9,43.95,89.72,33.9,0.381,215.9,357,1.35,99.388,1.93,4315,31.1,1391,59
58.7,2.16,64.8,25.56,162.28,44.2,0.311,100.8,301,0.65,98.022,2.14,9874,21.4,1530,66.4
49.3,1.93,60.3,44.16,160.43,40.6,0.13,132.4,57,0.53,100.091,1.99,2037,27,86,65.4
68.5,3.13,72.5,25.46,148.74,35.7,0.293,261.9,305,1.73,99.234,1.67,3057,27,861,73.8
43.8,1.26,71.2,23.72,193.21,27.1,0.223,307.6,257,0.87,98.07,1.61,3065,28.3,248,68.9
34,2.36,34.8,27.16,100.04,35.3,0.247,228.2,180,1.03,102.711,2.6,2872,31.9,860,63.1
37.2,1.79,79.3,39.89,59.2,37.5,0.118,320.9,273,0.6,101.002,2.43,4757,19.4,893,65.3
37.1,1.83,47.8,15.05,149.08,47.1,0.157,259.5,246,0.77,99.171,1.94,9621,20.4,971,71.2
39.1,2.43,80.9,17.54,158.43,40.5,0.326,123.2,191,1.62,99.108,1.94,9366,28.3,1732,67.9
39.6,2.44,87.9,48,132.83,32.5,0.237,160.9,301,1.27,99.978,2.87,3232,19.2,1591,75.5
67.1,2.99,86.1,16.97,75.1,38.3,0.192,350.3,145,1.78,98.979,2.98,4273,24.3,1274,70
40.9,1.22,68,33.71,118.58,25.9,0.217,311.7,75,1.1,98.837,2.26,6820,15.3,1828,73.5
51.2,1.18,65.1,31.57,86.85,48.5,0.354,371.1,160,0.9,104.077,2.74,172,17.1,1352,73.2
84.7,2.46,40.7,29.64,110.1,33.8,0.324,138.2,172,0.99,98.141,2.6,8303,28.7,1607,65.2
57.8,2.12,84.6,35.13,138.23,36,0.179,394,235,1.57,95.572,1.9,8810,30,1113,72.7
70.9,1.54,49.8,18.98,158.8,32.7,0.136,168,217,1.3,101.268,1.61,8680,16.8,1052,61
40.7,1.22,63.8,32.54,77.59,42.1,0.178,104.3,100,1.91,102.201,1.73,3719,19.2,1417,74.5
41.2,1.15,49.1,25.14,109.17,40.5,0.378,406.6,54,1.48,100.304,2.67,4560,17.6,41,72.5
31.6,2.71,39.8,36.72,82.16,43.9,0.274,180,126,1.22,96.75,2.52,119,23.5,1316,71.9
39.2,1.36,70.7,15.26,71.1,32.5,0.266,305.2,209,1.67,99.705,2.58,4029,17.5,1841,75.2
47.4,1.59,32.1,33.61,167.53,32.5,0.28,154.4,257,1.93,98.937,1.71,4573,24,1412,67.6
41.8,1.49,84.1,17.11,187.71,28.5,0.21,285.6,306,0.99,102.663,2.39,9138,29.6,72,69.8
35.3,1.67,51.5,21.73,98.56,41.4,0.343,375,254,0.9,98.281,2.72,8883,29.4,766,67
38.3,1.12,30.1,18.5,160.8,26.6,0.251,198.6,304,1.42,100.45,2.86,9901,20.3,1598,62.3
57.6,1.98,66.3,17.67,180.81,39.6,0.132,296.1,60,1.24,101.158,1.5,8822,28.2,1941,66.9
41.4,1.1,34,43.12,176.95,47.2,0.138,157.4,57,2.01,98.256,2.48,81,33.3,764,74
51.6,2.6,48.9,20.71,67.04,47.6,0.257,294,81,1.2,98.799,1.53,6363,21.6,1724,63.7
62,1.45,78.9,46.75,204.23,36.4,0.381,199.5,77,0.61,100.864,2.57,689,21.2,1733,65.3
70.6,2,34,50.46,101.71,36,0.196,161,255,2,93.548,2.45,2885,26.4,247,74.2
32.3,2.74,89.9,33.39,92.2,27.6,0.366,201.7,277,1.76,102.713,1.69,5942,20.4,1721,71.9
79.8,2.32,30.7,15.58,49.72,41.4,0.332,152.8,177,0.75,97.943,2.63,6837,27.4,645,63.2
69.2,2.05,48.5,25.63,115.31,45.2,0.177,377.3,304,1.9,100.065,1.59,6577,31.5,1175,69.9
35.1,1.67,79.8,42.15,56.5,30.7,0.113,217.1,261,1,97.26,2.66,483,24.6,1057,76.3
83.3,1.72,54.5,25.51,80.1,35.1,0.133,172.1,288,1.05,102.616,1.93,1028,29.7,1334,66.1
87.1,2.38,36.9,13.46,93.24,45.8,0.325,233.9,256,1.87,99.968,2.48,1278,28.6,1450,74.9
33.9,3,55.2,32.08,169.07,47.4,0.156,198.4,367,1.26,100.394,2.96,913,15.7,869,68.2
47.8,2.36,49.1,44.67,173.27,31.6,0.203,330.9,332,0.71,101.07,2.02,1814,18.5,1851,70.6
79.4,2.21,87.4,42.05,87.31,38.9,0.247,387,294,1.07,102.136,2.23,6849,33.6,1641,69.5
74.7,2.39,51.5,17.19,175.45,30.7,0.315,236.6,94,1.63,97.758,2.21,8336,34.4,1584,60.2
41.4,1.95,87.7,36.27,177.47,27.6,0.136,359.3,154,0.77,99.46,1.73,4087,30.6,903,76.8
42.2,1.1,95.2,19.26,161.89,46.1,0.221,268.8,397,1.42,102.513,2.45,6831,33.3,76,67.9
51.2,2.13,60.6,19.1,60.68,44.5,0.243,148.8,330,1.52,99.086,2.73,1979,22,964,74.5
57.7,2.84,95.7,46.18,147.67,44.6,0.263,316,283,1.03,102.703,2.9,9614,20.7,1742,69.6
66.8,1.37,56.9,19.44,186.97,26,0.349,256.6,238,1.53,100.398,2.77,3546,22.9,377,71.6
52.5,2.39,97.4,20.05,151.88,45.7,0.154,290.9,93,1.87,99.15,2.34,8396,16.2,1919,73.5
59.8,1.44,35.7,9.88,92.53,35.3,0.34,368,274,1.21,101.359,2.57,9788,30.5,1630,68.1
75.5,2.06,76.7,44.61,115.29,33.3,0.302,234.7,191,1.1,99.683,2.67,8512,34.7,1430,68.6
32.3,1.19,63.6,40.59,140.83,38.4,0.263,366,185,0.88,101.698,2.3,660,32.2,1360,68.1
45.1,1.89,59,35.54,124.55,27.6,0.311,327,225,1.38,99.035,1.7,6364,25.1,1188,75.1
72.3,2.64,75.6,39.66,58.48,43.7,0.219,243,191,1.82,101.674,2.13,1198,21.2,1457,76.4
83.9,1.72,81.6,16.49,88.71,40.6,0.144,284.5,129,0.98,100.825,2.78,56,19.2,832,62.6
60.4,2.39,30.5,29.52,167.81,29.3,0.293,203.5,131,1.12,99.297,2.38,514,22.6,1707,69.1
61.5,2.63,41,23.76,178.63,29.8,0.249,394.4,184,1.08,96.331,2.62,9349,28,1401,66.1
37,2.9,80.9,13.54,61.79,28.6,0.293,304.7,256,1.3,100.916,1.8,9054,23.8,1524,75.4
55.8,1.43,78.6,29.89,196.32,26.8,0.2,115.5,393,0.85,102.113,2.87,2241,33.3,1574,67.6
61.6,1.78,98.9,46.92,92.35,38.6,0.376,196.3,226,1.72,100.372,2.11,5502,33.4,187,74
43.9,1.29,81.1,11.69,147.94,46.5,0.273,289.4,292,0.92,95.485,2.41,9586,17.6,108,63.6
46.3,2.99,93.7,22.23,160.92,24.5,0.127,119.6,104,1.56,102.244,1.48,5042,17.8,1613,63.8
53.5,2.85,80.2,18.2,165.52,25.7,0.24,110.7,190,1.28,100.776,1.67,4002,28.5,518,71.5
31.4,2.01,50.5,19.11,198.15,40,0.323,233.7,105,1.41,101.217,2.64,4876,19.6,1163,74.7
49.1,2.69,37.6,45.2,92.15,46.9,0.342,195.3,64,0.74,99.829,2.85,8050,30.6,882,64.6
43.5,1.96,83.5,28.62,175.35,31.4,0.257,234.2,234,1.61,96.095,1.93,4708,25.8,44,69
50.5,2.28,75.3,28.45,60.93,33,0.374,179.6,363,0.81,101.147,1.51,7814,19.6,78,67.6
37.2,1.18,32.6,41.12,154.69,41.4,0.177,149.5,137,0.69,99.54,2.01,4328,25.6,1663,68.6
86.1,2.57,55.5,16.63,159.29,31.9,0.225,303.6,146,1.32,98.492,1.54,2524,23.3,1190,65.3
66.2,1.26,98.4,30.31,148.75,25.1,0.36,258.9,193,1.55,103.474,1.84,3466,32.1,1069,68.3
71.3,2.63,66,26.82,81.18,44.7,0.36,158.2,57,0.57,101.146,2.68,795,15.7,1840,64.4
75.5,2.48,58.7,33.33,180.96,41.1,0.315,193.2,264,0.59,100.404,2.93,5079,32.8,330,63.4
57.9,2.4,62.6,48.17,67.5,39.6,0.361,276.8,222,1.69,98.247,1.64,1473,27.5,498,75.4
35.3,1.06,44.1,40.78,48.67,41.9,0.131,123.9,272,1.72,97.992,2.33,8105,29.1,1512,59.6
63.5,1.62,57.5,26.37,156.77,43.6,0.363,140.3,89,0.88,100.97,1.88,4270,15.1,1502,70.8
65.6,1.51,57,42.49,116.56,30.3,0.194,119.5,231,1.45,96,1.76,7880,26.8,789,61.2
76.1,1.74,33.7,16.33,176.68,33.6,0.154,338.1,319,1.16,101.057,1.85,9382,26.8,1875,67.3
55.4,1.21,87.4,11.64,104.13,29,0.173,338.6,236,1.44,101.222,2.38,8414,25.7,1896,66.7
37.7,2.79,58.3,17.92,67.5,27.7,0.235,327.8,294,1.83,102.727,1.54,9477,31.2,24,62.4
47,2.11,87.5,23.56,174.98,41,0.178,308.3,358,0.62,101.922,2.18,5709,26,343,72.8
49.9,1.61,90.5,30.14,125.55,45.6,0.193,300,280,1.69,102.236,1.73,1679,31.5,1633,66.2
71.2,1.81,46.7,33.68,69.09,48.7,0.14,246.9,204,1.2,98.784,1.89,9488,19.7,651,59.9
65.8,1.92,78.2,47.26,158.81,40.7,0.191,304.4,224,1.36,97.05,1.79,8764,31.8,192,67.8
52.3,2.27,64.1,29.33,123.17,30,0.266,108.1,385,1.54,100.304,2.82,8513,18.4,1641,68.2
91.5,1.99,90,30.73,139.2,26.9,0.232,280.3,164,1.85,100.849,2.53,6909,32.3,878,58.4
65.7,2.75,44.3,12.07,114.19,45.6,0.203,331.1,360,0.6,102.011,2.83,6082,33.9,967,70.6
44.9,2,78.5,11.34,173.97,39,0.327,248.6,349,0.55,102.924,2.03,150,21.6,363,73.1
35.8,3.01,70.7,31.88,172.23,40.4,0.367,205.9,67,0.78,97.663,2.05,7486,25.3,1317,68
39.3,2.74,51,27.78,153.42,45.6,0.318,182.8,321,2.01,101.696,2.09,894,28.3,1070,68.3
43.2,1.4,40.2,43.01,56.39,43,0.199,304.7,61,1.55,95.485,1.52,2720,16.6,424,65.9
39.5,2.77,73.4,16.49,178.86,46.4,0.328,300,350,1.38,100.517,2.64,5234,24.2,700,69.6
39.9,1.26,82.8,10.8,145.26,26.1,0.15,362.4,241,0.58,101.35,2.06,4512,22.9,1210,64.6
45.9,2.66,53,26.76,152.46,45.4,0.142,205,281,1.81,96.938,1.94,162,32.2,1884,67.3
40.4,1.75,74.6,19.74,97.77,46.9,0.197,321.3,142,1.67,101.204,2.37,8160,33.6,1845,65
82.6,2.64,57.5,12.57,184.12,31.9,0.333,276.1,267,1.48,97.836,2.06,8817,28.4,588,72.1
35.1,2.7,77.1,39.43,156.77,41.9,0.17,363.7,327,0.99,99.19,2.91,6884,28.7,1462,73.5
63.5,2.65,43.8,14.45,58.55,33.2,0.123,252.7,352,0.63,101.681,2.06,5163,30.5,1534,64.9
53.9,2.6,89.5,34.06,105.68,47.7,0.141,263.2,78,1.39,99.339,2.43,9398,22.9,1639,66.8
88.5,1.56,49.4,21.09,178.21,25.9,0.377,277.1,350,1.55,99.324,1.95,1198,23.3,1133,73.5
37.2,1.18,55.3,16.81,48.07,38.7,0.298,321.3,126,0.65,100.612,3.01,7367,26.6,22,72.1
53.1,1.8,33.3,25.29,193.44,28,0.176,395.1,58,1.42,101.593,2.14,1249,34.1,1555,69.5
86.9,1.38,36.9,40.05,146.4,42.4,0.264,123,73,0.9,99.989,2.38,3817,28.9,211,68.1
81.2,2.36,64.5,24.37,137.04,30.1,0.26,112.5,64,1.62,103.128,1.66,5918,26.2,233,70.1
80.4,1.67,49.9,40.39,81.93,31.8,0.302,370.3,213,1.31,99.299,2.72,7561,29.7,1208,64.6
43.9,2.96,88.4,14.96,81.03,37,0.174,260.7,62,0.7,102.435,1.9,37,21.9,1938,70.2
39.6,2.26,31.8,40.1,197.45,47.6,0.357,274.4,396,1.31,101.04,2.17,2559,29.8,494,72.4
72.3,2.6,56.1,19.08,87.93,31.1,0.201,249.6,221,1.09,101.308,2.85,5444,22.9,1269,73.6
80.4,1.31,53.2,36.68,160.81,29,0.308,124.6,376,0.78,97.676,3.01,5402,21.2,606,69.9
63.2,2.8,31.1,32.36,103.76,44.4,0.107,336.5,249,1.71,102.412,2.13,6355,28.1,1770,66.1
66.3,2.79,36.4,48.51,63.62,37.6,0.213,333.4,125,0.53,100.21,2.81,3016,30.3,1174,62.7
48.6,1.98,59.6,24.95,43.32,48.5,0.204,195.4,213,0.94,104.605,1.57,5356,23.5,421,65.9
77.4,2.14,64.4,12.84,130.29,28.6,0.253,177.7,110,0.51,100.484,2.77,1922,25.7,531,76.7
42.2,2.62,58.4,10.89,197,42.4,0.119,359.2,294,0.63,99.95,2.42,1863,29.4,859,76.9
48.5,1.37,64.4,42.89,100.2,30.7,0.345,120.6,204,0.92,98.95,2.27,5804,30.2,250,60.6
54.6,2.05,71.6,31.46,95.75,28.8,0.168,363.9,306,0.59,99.962,2.76,6752,32.4,159,73.7
62.5,1.79,30.4,41.37,96.57,40.4,0.307,174.4,293,1.44,102.78,2.78,1206,21.9,1363,69.1
44.3,1.32,62.6,18.89,125.59,40.7,0.352,287.2,211,0.61,101.558,1.97,1201,34,829,74.3
35.5,1.78,97.3,23.52,104.99,43,0.263,382.1,117,1.48,100.567,2.74,5587,28.1,1494,76.3
67.2,1.13,65.7,11.29,181.3,31.2,0.319,301,393,0.57,101.708,1.67,2703,29.6,222,76.2
47.1,1.03,78.3,47.88,124.49,36.1,0.296,230.3,326,0.59,99.069,2.68,3866,29.2,1226,70.9
65,1.28,52.9,37.16,119.61,34.9,0.201,312.3,210,0.97,98.927,2.54,3976,19,853,74.9
37.4,2.92,83.5,48.43,59.5,50,0.337,198.6,308,1.83,98.706,1.66,1813,16.2,117,78.1
55.8,2.18,81.7,20.61,197.13,32.7,0.184,184.4,356,1.41,101.953,2.56,13,30.3,1100,78.1
62.3,2.93,64.7,34.04,81.72,31.8,0.263,400.8,384,1.7,102.144,2.36,8469,25,167,75.4
32.9,1.87,99.2,36.61,52.15,35.7,0.318,315.7,144,0.7,98.361,2.38,7023,28.8,1626,70.4
49.7,1.65,39.8,22.54,146.18,39,0.213,298.3,295,1.77,98.631,1.97,6833,24.4,1247,68.6
38.4,2.01,30.1,43.54,132.75,30.3,0.198,206.5,270,0.5,99.705,1.9,5464,21.9,1130,70.8
33.3,1.91,82.2,48.71,104.09,49.4,0.233,119.7,172,0.82,97.918,2.59,7098,20.7,265,63.7
88.9,1.2,85.9,44.86,107.94,32.1,0.353,112.4,236,1.43,100.444,1.87,9070,29.6,577,61.5
48.9,2.23,36.8,39.42,165.42,47.8,0.381,267.4,311,1.04,102.858,2.23,6764,20.9,944,68
80,1.41,48.5,21.43,72.53,27.3,0.266,328,322,1.99,100.696,2.47,2631,28,1266,73.9
43.6,2.22,31.5,21.12,172.75,41.5,0.299,250.5,109,0.54,102.018,1.66,5695,22.8,372,65.2
70,2.31,51,48.1,141.66,45.6,0.357,358.2,174,1.98,97.326,2.39,4486,30.6,18,75.2
77.3,1.32,83.4,10.59,107.58,29.1,0.127,109.9,386,1.48,98.98,2.32,5812,18.2,688,76.3
64.6,1.13,65.8,39.54,113.49,51.6,0.172,208.1,390,1.35,96.198,2.57,5232,19.2,945,64.4
58.4,2.56,53.3,38.28,78.37,35.6,0.313,171.2,100,0.6,99.844,2.03,8503,28.1,356,56.8
56.5,1.88,54,36.07,158.99,48.8,0.336,241.5,227,0.92,104.327,2.18,6542,25.3,969,70.2
51.1,1.13,30,49.77,122.21,40.5,0.356,125,188,1.91,103.535,1.92,1903,19.3,691,73.6
89.4,2.9,51.4,22.87,91.13,32.2,0.227,396.8,376,1.04,100.772,2.79,612,32.7,909,63.9
82.1,1.09,75.3,24.52,136.22,29,0.124,163.5,219,1.53,100.144,1.69,4152,20.4,705,74.8
86.8,2.39,100.4,12.99,199.63,32.9,0.229,388.6,88,1.96,100.959,2.91,157,23,1293,65.3
36.5,3.01,89.9,27.42,110.39,27.4,0.174,225.5,118,0.9,97.625,2.46,3217,19.1,86,77.1
73,1.5,32.1,20.77,187.94,27.9,0.19,401.6,285,1.36,100.474,2.88,3708,22.7,348,68
87,1.28,93.2,23.66,95.16,27.7,0.342,269.6,97,1.55,95.682,2.13,3805,24.2,885,66
41.2,1.25,88,42.57,48.91,35.7,0.122,378.2,106,0.74,94.859,2.03,9721,21.2,693,59.6
34.4,1.57,83.8,47.09,72.15,45,0.356,102,326,0.7,99.265,2.85,3105,29.9,771,64.9
73.1,1.19,62.9,16.94,106.1,29,0.224,313.8,387,1.2,104.737,1.65,2749,23.5,1553,68.2
63.5,2.36,58.1,24.91,75.29,29.1,0.283,371.4,148,1.13,103.328,1.65,1277,29.7,1708,67.9
81.4,1.1,52,47.3,38.43,40.6,0.125,141.2,64,1.61,102.27,1.99,4981,19.1,492,64.6
39.9,2,34.8,12.74,185.02,29.7,0.203,134.5,374,0.61,100.001,2.98,1534,21.9,1664,69.9
76,2.98,45.9,14.02,172.55,27.3,0.128,227.5,228,1.97,103.075,2.48,6271,15.3,883,61.7
42,2.6,47.6,16.41,156.13,28.4,0.394,374.7,381,0.52,98.939,2.38,1572,30.1,553,78.7
39.5,2.22,64.5,35.23,66.43,47.1,0.335,263.3,111,1.4,97.596,2.5,5783,27.6,1952,74.5
40,1.52,83.4,15.67,57.67,46,0.239,254.8,168,1.34,98.839,2.13,7881,32.2,1697,61.9
77,2.27,65,47.36,50.5,35.2,0.167,138.3,86,0.69,96.783,2.7,419,24.5,1996,64
70,2.04,34.2,27.18,156.57,40.5,0.39,101.1,183,0.7,104.483,2.09,4290,31.7,338,72.8
62.9,1.84,94.9,29.36,192.57,40.2,0.201,343.1,75,1.7,101.036,2.75,4450,26.6,287,73.8
49.9,1.23,96.3,20.17,113.67,41.5,0.144,128.8,57,1.82,98.238,1.91,7914,15,1004,56.6
84.3,2.86,84.2,29.81,56.9,43.1,0.26,298.6,53,0.95,99.806,1.93,4625,19.4,1287,68.2
52.3,1.96,98.5,37.73,119.7,41.1,0.381,388.5,70,1.17,99.773,2.2,5750,25.1,348,67.5
79.4,1.34,67.7,38.54,95.22,31.8,0.1,163.3,198,0.99,102.835,2.15,7648,26.3,1675,70.3
56.9,1.73,95.6,40.84,100.25,25.8,0.17,303.7,74,0.63,104.439,2.49,5564,16.7,1046,61.2
53,1.86,33.6,34.13,140.43,36.4,0.379,124.3,192,1.49,102.133,2.06,3594,30,827,70.1
57.4,2.64,57.2,47.1,153.1,46.6,0.156,268.1,294,1.73,101.441,1.9,852,25.8,1203,76.4
48.7,2.44,45.3,42.16,54.78,40,0.134,152.9,92,0.93,100.617,2.18,7387,25.7,1290,70.9
73,2.5,42.2,40.42,46.64,46.8,0.277,324.3,342,2,100.19,2.42,8443,21.5,84,56.8
61.3,1.03,40,11.99,201.09,49.1,0.361,192.5,234,0.62,100.155,1.7,9483,28,2050,59.6
43.5,1.93,74.5,10.43,78.34,28.1,0.239,236.6,91,1.54,100.2,2.27,9206,16.1,720,62.7
84.5,2,84.4,17.96,48.4,42,0.398,276.2,141,1.19,99.555,2.04,8028,16.5,122,66.9
52.7,1.02,68.7,37.04,70.87,43.5,0.313,151.2,366,1.16,99.054,2.13,6501,30.6,1742,60.4
64.5,1.5,39.1,26.07,44.38,49.7,0.125,326.1,373,1.14,97.856,1.92,7842,21,2009,59.3
85.1,2.51,90.7,26.29,100.49,50.8,0.407,183.3,102,0.88,99.515,2.86,4241,21.6,1697,65.8
68.3,1.25,72.4,45.15,172.41,41.4,0.225,299.9,133,1.61,97.374,2.51,5877,19.5,1736,58.8
37.6,2.03,55.3,45.49,94.66,30.8,0.184,152.5,83,1.57,98.833,1.9,3564,23.9,1284,70.8
86,1.45,76.7,47.24,115.22,44.7,0.276,305.6,125,0.9,99.735,2.54,3399,16.3,1834,67.2
68.1,1.01,49,23.24,145.21,27,0.193,133,246,1.76,100.472,2.7,7659,21.4,73,58.5
50.3,1.49,56,36.99,127.62,44.7,0.128,226.7,335,0.97,100.457,2.09,4571,26,1536,64.5
38.9,3.06,93.8,20.94,187.42,47,0.101,175.2,137,1.57,100.969,2.73,2073,23.4,1282,71.3
76.9,2.58,50.1,17.24,176.26,35.2,0.23,327,284,0.67,100.809,1.71,2027,35.5,100,76
66.3,2.94,61.3,17.23,41.21,40.8,0.354,179.2,281,0.75,103.57,2.7,8302,22.5,1100,63.5
63.5,1.94,94.3,23.34,168.61,36.8,0.281,378.6,56,0.99,103.275,2.38,6956,22.9,1008,68.1
84.9,1.23,79.4,26.51,112.44,34.7,0.406,368.6,341,1.41,99.204,1.81,5522,24.8,1393,71
76,2.15,34.3,44.15,197.16,32.4,0.188,159.5,87,1.41,101.832,2.12,4005,18.6,155,61.7
40.6,1.96,40.7,14.83,115.6,43.7,0.181,280.9,101,1.13,99.615,2.91,4208,32.1,1650,71.1
48.1,2.69,30.7,38.97,195.11,48.9,0.152,128.7,192,0.63,96.632,2.72,576,26.8,281,72.1
45,1.18,74,31.22,161.11,48.1,0.153,224.8,270,1.07,101.327,2.34,4412,18.8,837,68.1
76.4,1.99,63,22.03,79.34,30.4,0.179,310.1,289,1.55,98.931,1.6,7905,30.7,1716,63.5
32.8,1.3,38.1,30.32,120.87,46.7,0.344,297.2,192,1.52,98.629,2.17,3912,15.6,1077,79.2
63.3,1.66,97.5,22.24,204.47,42.6,0.37,274,398,0.75,98.796,1.87,3781,35.1,778,71.6
76.5,2.44,67.6,33.39,182.87,31.2,0.395,181.7,98,0.5,98.462,1.65,157,31.8,97,76.8
82.1,1.94,46.5,27.42,56.15,26.5,0.167,221.8,326,1.65,103.617,2.36,4792,27.4,1338,69.6
50.9,1.74,65.8,16.21,153.4,32.3,0.365,130.1,320,0.66,97.57,2.83,244,17,1995,76.9
79.1,1.81,78.6,14.64,93.51,47.4,0.194,317.1,63,0.63,99.648,2.53,5615,19.1,1815,74.3
36.3,1.95,36.1,32.49,40.74,39.6,0.132,247.5,347,0.5,96.614,1.88,5042,20.6,1377,70.6
79.2,2.55,49.1,47.17,106.83,43.2,0.365,315.4,64,1.17,98.527,2.29,8311,20,215,62.1
38.5,2.72,86.1,23.45,78.49,31,0.286,174.1,283,1.24,97.35,3,5871,24.9,490,65.5
53,2.93,62.8,39.97,172.58,42,0.151,199,112,1.46,100.99,2.57,3269,33.7,371,69.2
80.1,2.61,68,36.8,94.91,25.7,0.229,200.7,245,0.93,96.905,2.54,5167,24.4,710,65.1
38.8,1.63,58.5,47.03,176.07,34.3,0.195,110.8,76,1.53,102.851,2.95,7016,26.9,465,71.3
44.2,2.34,33.6,43.48,40.83,40.5,0.317,203,142,0.76,97.351,2.69,906,28.4,507,67.7
75.6,1.86,40.1,33.47,90.48,28.8,0.234,335.3,154,1.73,97.907,1.73,6269,31.9,1263,63.5
72.6,1.56,61.7,36.9,78.04,45,0.391,364.5,358,1.36,101.313,2.02,9202,15.5,627,63.2
69.1,2.69,46.9,44.97,79.98,30.9,0.12,245.9,101,1.34,103.731,2.92,2950,23.7,1371,73.5
72.3,1.1,33.9,25.84,50.42,40.8,0.207,237.2,368,0.79,99.113,2.22,6469,30.3,1863,66.3
61.7,2.76,87.8,23.26,68.72,35.7,0.244,109.1,230,0.63,101.161,1.72,8201,31.2,1256,65.4
45.3,1.97,97.8,10.26,127.43,39.9,0.255,374.8,106,1.24,97.891,2.19,5141,33.9,1490,68.4
51.5,2.32,86.2,44.4,84.55,28.7,0.191,101.5,169,1.41,98.967,2.63,7174,28.6,1485,60.9
42.3,2.31,89.7,42.3,108.03,25.2,0.31,378.1,357,0.65,99.743,2.94,3007,19,641,80.4
83.8,2.82,47.6,14.05,100.27,48.1,0.364,243.4,92,1.91,98.299,1.96,2999,23.8,31,75.7
65.5,2.33,100.1,32.73,184.21,32.5,0.383,201.6,184,2,102.256,2.25,6639,16.1,111,65.5
53.9,2.18,44.9,28.16,175.8,46,0.336,367.8,309,1.29,101.556,2.81,7193,28.2,582,60.1
57.9,1.12,94.4,14.96,119.37,50.1,0.358,106.7,246,1.88,98.924,2,9284,25.9,1375,69.5
85.8,2.06,99.7,50.03,92.35,30.5,0.275,274.5,182,0.77,95.082,1.66,2258,28.1,1760,63.8
39.1,1.3,80.6,18.34,56.69,32,0.351,264.9,304,0.54,98.542,2.94,4725,33,1957,76
67.2,2.5,101.7,13.06,188.54,41.8,0.183,170,269,0.55,102.499,2.28,2465,28.8,52,69.2
60.5,2.05,70.4,33.53,49.68,49.1,0.226,228.5,385,1.35,99.704,2.19,786,21.7,1970,69.8
66.8,2.38,47.5,38.92,86.28,48.6,0.203,295.4,90,0.61,102.009,2.48,3977,18.6,661,62.9
30.6,1.08,61.1,11.41,90.36,37.5,0.243,325.4,304,1.92,103.293,1.53,3685,32.3,1641,80.6
84.1,1.17,74.2,35.48,92.41,44,0.186,100.2,51,0.71,101.171,2.84,2646,18.6,368,72.2
87.4,2.51,34.9,30.44,67.59,29.6,0.376,371.8,244,0.98,102.244,2.01,3021,18.2,128,63.6
64.1,1.15,72.5,13.86,159.55,50.3,0.19,146.1,291,1.81,98.85,2.11,3646,18.9,760,76.8
74.5,1.17,98.6,16.64,60.66,48.2,0.129,166.4,198,0.83,102.292,1.74,9674,25.6,1667,60.6
84.4,1.05,42.7,33.21,143.83,29,0.254,174.7,247,0.88,99.543,2.12,7856,17.5,450,63.1
70.9,2.87,86.9,21.29,59.33,32.1,0.116,115.8,348,1.43,98.444,2.71,709,33,312,75.2
39.1,2.51,92.3,47.88,51.09,27.2,0.133,134,294,0.93,104.221,2.63,8703,34.3,1829,63.4
63.5,1.67,98.5,43.47,181.86,32.3,0.164,395.6,387,0.84,99.921,2.84,6337,35.2,1875,67.9
66.7,1.64,98.2,50.77,69.99,45.1,0.247,194.8,157,0.86,98.571,2.04,8642,15.4,25,56.4
55.5,1.71,67.4,20.19,173.34,35.8,0.23,134.1,261,1.22,100.829,2.56,3281,33.7,1422,67.6
75.9,2.56,99.8,48.39,125.44,26.2,0.343,130,205,2,97.827,2.26,4647,34.7,609,66.9
85.3,2.28,84.4,28.36,52.49,33.5,0.325,318.7,75,1.74,97.444,2.73,8893,34,726,73.1
86.1,1.35,41.1,24.55,202.69,48.2,0.23,345.5,131,0.95,99.537,2.63,2714,28.3,909,61.8
57.3,1.35,62.1,11.95,77.96,41,0.2,173.3,132,1.05,97.111,2.05,9036,29.2,846,60.1
37.4,1.2,79.5,12.39,178.72,35.7,0.199,108.7,180,1.2,99.044,2.06,8283,17.2,1002,72.9
87.1,2.3,48.2,37.87,65.62,29.7,0.34,163.3,378,2.01,97.349,1.85,9477,32.4,1159,62.9
78.9,2.57,72.2,28.33,171.38,48.4,0.111,120,149,0.79,101.945,2.3,3244,16.1,932,74.7
37,1.53,73.6,20.01,42.79,45.9,0.101,134.6,305,1.05,103.361,2.99,2237,22.1,1362,69.5
83.4,1.02,41.6,35.3,120.89,31.5,0.335,235.9,98,1.6,97.174,1.83,3260,35,1461,60
83.2,1.18,70.7,20.87,168.33,26.8,0.238,171.8,112,2,104.24,1.65,9454,23.8,899,54.7
61.9,2.87,85.7,32.4,191.72,26.2,0.137,247.8,360,0.75,101.513,1.7,3208,18.3,272,65.6
66.9,1.53,63.7,25.24,182.56,27.3,0.169,170.6,339,0.85,100.455,2.55,5795,34.6,1316,67.2
53.8,2.54,30.1,42.81,168.14,40.1,0.378,373.6,154,0.84,96.92,2.01,4029,34.5,1563,71.5
33,2.2,30.2,42.68,184.74,48,0.347,364.7,154,0.54,96.707,1.88,3902,18.4,1279,72.8
49.2,1.77,54.6,29.32,70.36,38.1,0.31,263,374,1.37,99.894,2.02,2007,31.5,1211,77.3
80.2,1.43,94.2,24.28,83.62,46.9,0.252,203.5,64,1.47,99.605,2.5,5394,21.8,460,64
30.1,1.27,46.1,25.02,83.27,37.1,0.255,217.6,224,1.41,99.408,2.44,8553,23,1270,60
49.3,2.25,76.5,42.97,101.58,42.3,0.397,226.5,308,0.6,100.076,2.67,492,20.4,650,67.7
54.7,2.48,45.5,22.83,101.26,42.5,0.389,320.2,260,0.6,98.561,1.99,8793,15.8,1835,67.8
61.8,2.25,53.5,18,128.04,30.1,0.165,234.5,308,0.82,99.543,2.1,6680,20.3,1304,63.9
83.4,2.06,90.5,13.34,63.87,34.1,0.343,356.5,151,0.92,99.944,1.68,5815,15.8,537,65.8
49.9,1.08,79.9,28.66,145.66,42,0.162,385.5,309,1.7,105.098,1.54,6022,33.8,939,70.3
50.9,2.88,37.1,29.34,67.77,26.1,0.161,198.9,393,0.71,95.427,2.16,2872,27.9,1745,67.2
72.7,2.57,60.7,44.83,89.37,34.5,0.304,273.5,208,0.56,100.716,1.92,3951,32.6,678,69.3
57,1.61,32,18.92,118.9,38.4,0.219,125.1,94,1.06,100.151,2.41,8064,28.7,1023,56.7
42.7,2.99,63.9,26.57,165.8,49.9,0.385,157.7,350,1.12,100.021,1.57,3015,17.3,1368,68.9
56.1,2.19,76.3,43.56,156.79,36.6,0.124,219.9,300,1.2,100.707,1.65,4807,34.4,1530,66.6
38.1,2.21,37.5,42.69,149.12,44.4,0.257,163.3,380,1.71,103.925,2.86,195,33.7,355,75.3
40.7,2.43,52.6,24.48,65.27,36.3,0.377,354.3,214,0.62,100.659,2.42,7195,21.4,1144,71
60.3,2.67,59.1,29.72,127.88,44.6,0.362,144.8,242,1.55,96.988,2.56,4158,17.4,1867,68.4
56.2,2.34,95.4,22.01,53.18,40.1,0.152,238.7,58,0.99,100.691,2.82,5353,28.7,1966,62.9
83.6,1.27,98.7,48.18,101.96,49,0.212,276.8,114,0.97,99.637,2.17,1137,29.3,1306,59.6
53.2,1.69,33.1,14.55,103.72,34.9,0.28,312.7,331,1.89,98.749,2.59,10132,33.7,1980,65.3
68.4,2.82,81.3,48.86,46.85,39.9,0.148,218.4,230,0.88,100.327,2.34,3081,16,1136,67.6
67.4,1.47,56.5,37.99,84.72,40.6,0.378,356.8,331,1.5,99.733,1.84,6256,17.7,892,66.6
29.7,1.73,57.9,30.58,196.83,35.2,0.362,271.2,328,0.91,99.531,2.02,5736,26.1,1119,72.7
67.4,1.87,82.5,10.86,185,28.4,0.154,241.4,79,1.26,99.747,2.32,7739,27.2,231,60.5
40.3,1.85,94.3,29.13,98.55,27.7,0.133,122.3,315,1.67,97.629,2,2858,15.5,808,67.9
86.4,2.21,96,26.57,47.23,26.1,0.128,241.8,377,1.86,101.4,2.1,7309,23.1,908,69.9
38.9,2.88,69.7,16.7,67.62,47,0.382,357,266,1.76,99.675,2.01,3774,26.4,1687,76
55.4,1.49,54.1,35.69,98.32,31.4,0.155,278.9,369,1.39,100.488,1.74,3897,30.5,1515,67.9
34.2,1.26,83.4,48.22,190.09,30.2,0.234,358.4,154,0.89,98.265,1.63,6551,21.5,1189,73.7
89.5,1.44,46.9,31.26,62.83,43.2,0.235,250,233,1.43,97.737,1.53,7890,24.8,713,55.9
59.5,2.78,68.6,38.16,157.23,32.7,0.28,139.5,379,1.59,99.256,1.69,6459,31.7,379,66
68.4,2.25,56.3,12.32,56.41,37.1,0.119,103,197,0.52,99.918,2.01,9196,34.2,706,72.4
33.1,1.6,75,26.33,192.02,29.8,0.165,196.3,154,1.14,99.155,2.49,2875,19.9,1375,79.7
73.9,2.65,44.9,14.75,100.18,48.5,0.363,298.6,96,1.81,100.141,1.8,9305,20,528,57.4
42.6,2.71,43.7,34.73,160.47,46.9,0.367,334.5,136,1.26,95.661,2.89,1358,33.7,833,68.4
82.6,2.67,95.5,46.9,98.93,45.8,0.342,189.8,358,0.96,103.968,2.63,6668,22.5,791,62.4
43.3,2.8,37.8,36.67,142.85,35.2,0.104,252,178,1.73,98.435,2.31,5390,28.9,1595,75.5
40.6,1.48,65.6,13.46,69.16,44.1,0.194,216.9,307,0.73,97.656,2.58,4763,28,1791,64.6
31.6,2.45,44.4,24.05,62.15,28.1,0.281,217.6,363,0.79,102.245,2.02,3005,20.9,1377,74.6
59.7,1.96,32.2,31.21,184.46,25,0.178,165.7,196,1.46,97.636,1.6,5215,27.2,691,64.5
62.4,2.71,32.9,26.54,186.26,25,0.379,138.3,121,1.04,100.367,2.78,1563,28.7,852,59.7
34.5,2.46,43.5,44.29,188.46,39.7,0.283,156.6,189,1.62,97.647,1.7,3663,26.9,284,75.8
75.8,2.52,88.6,41.99,143.42,35.1,0.121,117,76,0.74,99.374,2.89,1007,16.7,320,71.8
56.5,2.36,50,34,169.99,37.9,0.37,164.1,78,0.88,99.409,2.37,5596,36.1,338,76.5
60.8,1.32,95.5,23.95,50.75,25.5,0.395,102,320,0.75,98.464,1.95,979,23.6,263,74.7
55.2,2.08,69.5,20.03,94.6,35.6,0.121,297.1,223,1.94,101.708,2.24,1595,28.2,363,76.7
55,3.03,60.6,13.97,90.7,42.4,0.257,195.2,302,1.09,102.802,2.26,855,32.8,412,67.4
63.8,2.76,70.4,23.46,142.93,35.6,0.187,390.3,109,0.96,98.463,1.51,3776,23.6,226,70.1
40,1.09,63.5,26.33,97.34,44.4,0.215,161.4,156,0.53,100.212,2.07,8231,29.2,1306,63.9
41.9,1.31,83.4,37.03,64.33,30.9,0.151,203.1,269,0.74,97.344,2.64,9159,35,2035,62.1
82.6,1.27,50.1,36.19,131.59,46.1,0.273,204.1,308,1.15,100.185,2.22,724,22.3,1757,58.4
84.2,2.43,55.5,12.72,169.89,40.5,0.4,105.3,195,0.57,101.599,1.92,6414,23.2,88,65.5
51.4,2.67,91.5,26.6,101.61,30,0.25,351.5,101,1.32,100.191,2.03,6956,33.3,832,69
47,1.46,93.2,17.38,60.63,30.3,0.128,113.5,109,1.16,98.828,2.8,5271,18,1740,76.2
68.7,2.11,91.7,16.48,69.69,41.2,0.291,379.3,83,1.69,99.481,2.22,6719,15.3,264,74
55.2,2.68,60.2,44.65,78.01,45,0.202,357.8,145,1.43,99.011,2.26,2370,33.2,1693,70.6
31.5,2.5,84.5,11.91,95.28,35,0.364,256.6,138,1.15,99.556,2.83,4918,30.6,1245,78.9
39,2.1,64.4,26.62,140.5,31.5,0.231,259.5,365,0.83,98.674,1.99,3862,34.6,1902,74.6
73.9,2.2,63.1,16.11,135.76,46.4,0.153,295.6,280,1.56,100.327,2.26,900,15.8,1682,78.3
67.1,2.08,45,44.84,155.19,39.8,0.157,212.7,324,1.54,97.575,2.68,5982,18.5,1417,64.4
31.4,1.57,71.7,33.22,101.48,35.3,0.332,286.8,295,0.75,94.378,2.64,4971,16.6,1352,72.7
43.4,2.11,42.7,19.63,169.83,37.9,0.186,112.7,160,1.86,102.097,1.94,2680,28.6,432,75.9
44,2.37,54.3,29.88,74.06,30.1,0.324,116.4,283,0.62,99.843,1.71,4721,27.2,234,74.5
68.5,2.69,90.3,39.2,116.87,41.3,0.163,239.1,327,0.59,100.22,2.58,7659,22.7,808,64.6
30.4,2.27,43.6,48.45,166.45,33.4,0.192,264.8,215,0.75,98.455,1.97,7994,16.2,370,65.5
36,2.56,35.7,18.59,69.69,48.8,0.247,376.4,177,1.85,99.117,2.93,6269,27.3,197,68.9
77.9,1.34,34.7,44.94,57.38,37.5,0.392,131.6,286,1.27,97.829,1.66,4726,25.9,616,58.5
42,1.92,95.9,46.76,179.12,38.1,0.37,331.6,340,1.65,102.351,1.98,5841,17.8,1727,74.7
68,1.04,64.4,47.12,98.13,38.5,0.168,163.8,156,0.86,98.963,1.61,3760,33.2,34,75.7
43.9,1.43,58.6,34.67,151.36,48.9,0.212,218.3,177,1.26,96.878,2.58,1226,18.9,597,77.6
37.1,2.57,85.1,36.21,42.57,44.1,0.148,197.8,244,1.08,101.347,2.78,3771,29.5,854,72.8
45.5,3.02,88.2,26.13,150.02,35.1,0.261,215.1,388,1.73,102.24,2.48,5362,31.9,1055,67.6
71.7,1.19,53.3,39.21,89.64,43.5,0.244,148.2,192,0.54,99.632,2.89,5958,27.6,360,73.5
82.4,1.82,79.5,31.89,48.71,38.9,0.368,252.4,160,0.86,102.969,1.68,9285,20,1982,63.1
81.1,2.59,81.6,38.21,138.99,36.4,0.39,341.4,139,0.72,100.554,1.65,7721,20.7,1163,68.6
54,1.35,77.3,28.84,78.99,29.1,0.211,236.8,300,1.82,99.732,2.85,1494,33.2,1028,64.4
68.4,2.11,41.5,40.34,104.81,36.3,0.244,252.9,329,1.25,99.81,2.74,1747,21.2,18,66.7
41.8,2.51,91,42.23,54.19,30.1,0.366,362.2,382,1.13,100.96,2.77,1032,29.2,973,71.3
47,2.27,67.9,15.92,62,48.4,0.344,297.2,273,1.19,102.151,2.69,7222,34.4,1691,66.9
84.7,1.38,50.1,45.51,87.5,33.7,0.099,240.1,150,1.96,101.019,2.07,7123,35.3,431,54.1
30.5,1.74,59.9,31.12,52.24,49.3,0.191,175.7,181,1.81,100.511,1.83,9816,26,670,59.5
34.9,2.59,33,42.67,182.03,39.3,0.222,356.8,62,1.6,100.111,2.86,5194,31.1,41,66.6
42,2.12,38.6,27.04,39.25,41.6,0.168,269.3,147,0.92,101.362,1.94,8461,33.5,1976,65.7
30.6,1,82.3,24.65,113.74,37.9,0.16,166.2,169,0.75,98.72,2.12,5857,22.6,135,69.2
43,2.5,30.3,46.04,61.39,28.6,0.11,179,342,1.87,96.979,2.56,8709,20.4,1780,63.7
65.5,1.07,57.4,19.78,90.57,35.2,0.286,340.8,353,1.12,100.345,1.96,7317,17.3,629,64.7
56.9,2.51,67.4,44.4,190.49,27.9,0.18,116.3,248,0.94,97.927,2.64,6184,17.7,1166,71.4
81.7,1.43,34.3,28.6,67.42,41.3,0.12,411.8,50,1.2,96.971,1.64,5382,33.1,1355,56.9
81.4,2.88,96.6,30.64,196.92,36.1,0.168,140.1,109,1.89,103.215,2.76,7101,25.7,289,66.1
50.1,1.69,47.1,22,72.8,43.9,0.347,347.9,299,1.09,93.309,2.41,4096,32.9,864,64.4
46,1.7,50.9,33.28,156.78,30.4,0.355,216.7,189,1.34,101.218,2.39,957,31.3,675,75.2
53.8,1.27,50.8,23.31,131.79,28.7,0.248,244.6,198,1.65,97.816,2.23,407,28,114,69.5
67.4,1.63,45.5,11.78,186.26,35.9,0.228,363.6,93,1.13,98.38,1.91,4752,25.9,1734,69.6
46,2.77,30.4,21.25,128.07,48.3,0.393,222.5,235,0.86,100.816,2.21,6083,16.2,94,65.9
66.1,2.97,80.4,10.13,127.45,43.5,0.157,264.8,157,2,104.628,2.2,800,32.7,1247,75.6
54.5,1.76,94.9,49.13,67.29,34.4,0.161,114.8,93,1.86,101.38,2.35,2758,24,630,72.2
63.9,1.85,46,50.06,67.68,37.6,0.192,103.7,127,1.79,97.941,1.93,3255,25.9,377,63.5
55.6,2.52,76,26.03,184.77,26.5,0.154,173.9,275,1.52,99.879,1.55,5740,15.5,1331,78.4
47.3,2.92,83.7,39.83,97.47,48,0.218,299.9,211,0.95,99.388,1.7,2844,32.6,1160,73.7
84.2,2.24,89.9,23.25,101.82,41.9,0.378,135.1,330,1.9,95.838,2.62,951,33.5,649,76.4
74.3,1.75,59.9,37.55,155.2,31.5,0.291,132.5,302,0.92,100.107,1.55,1646,25.1,1004,66.6
38.7,1.74,52.2,40.62,92.87,39.3,0.225,226.6,181,1.77,98.638,2.74,1739,26.5,517,75.2
83.6,2.41,52.9,46.41,192.56,27.2,0.369,293.7,193,1.91,101.474,2.48,8389,28.5,1707,61.2
60.6,0.98,81.1,25.54,157.93,48.7,0.115,314.4,315,1.39,99.369,2.79,2776,20.4,611,77.2
87.5,2.22,86,41.68,135.35,29.7,0.169,154.8,158,1.69,103.08,2.72,7011,19.4,501,66.5
80.3,1.76,44.1,20.88,184.51,40.4,0.272,125.2,243,1.69,100.663,1.67,5732,28.4,1508,58.4
55.3,2.67,56.3,48.81,47.42,30.9,0.278,390.2,84,0.78,100.397,2.77,9715,17.1,37,68.9
30.8,1.23,90.9,10.61,81.01,43.4,0.114,179.4,324,1.51,103.903,2.22,2727,24.1,525,67.2
45.9,2.18,86.7,34.79,117.9,45,0.23,349.2,236,0.63,100.563,2.85,1614,25.6,754,77.6
61.8,2,99.3,36.81,78.67,41.5,0.291,355.6,292,1.3,103.263,2.83,520,22.8,1809,71.5
68.2,2.19,83,37.84,162.13,40.6,0.311,328.5,313,0.74,97.704,1.5,2348,18.4,1869,69.7
46.3,1.1,54.9,15.39,185.76,48.1,0.294,148.5,59,1.15,95.95,2.08,7125,21.8,1470,67.3
38.7,2.15,70.6,47.68,106.28,26.4,0.197,353.7,215,1.71,100.422,2.3,845,22.2,993,73.4
82.6,2.16,74.2,16.91,94.66,32.8,0.13,329.8,78,1.93,102.373,2.46,2423,24.5,1255,68.1
89.8,2.1,34.5,35.84,193.96,31,0.226,280,320,1,97.705,1.95,8580,28.5,849,64.7
60,2.24,68.3,18.75,111.1,50.1,0.14,202.5,136,1.28,99.091,1.9,5798,33.2,595,72.4
39.8,2.3,78.8,22.24,119.56,34.9,0.393,179.5,72,1.24,96.616,2.03,693,17.8,1947,80.7
46.7,2.62,41.4,31.52,96.96,43.4,0.241,137.4,259,1.98,99.903,2.27,470,31.7,228,68.8
31.2,1.56,83.1,26.24,186.71,41.3,0.198,265.1,95,1.2,99.97,2.94,622,20.4,673,66.2
87.1,2.69,72.8,16.27,129.81,30.8,0.327,279.3,77,1.55,101.193,2.62,9605,26.9,1782,69.2
37.1,1.98,96.7,17.35,158.06,30.7,0.243,204,75,1.86,98.977,2.13,8786,26.2,1443,71.2
64.4,1.15,32,26.16,172.25,31.9,0.188,244.1,315,1.08,99.429,1.59,8760,25.8,58,69.2
45,1.08,49.2,41.15,94.81,35.4,0.347,209.5,224,1.86,101.233,1.73,8853,30.1,47,57.3
62.2,1.66,71.6,44.22,110.29,32.1,0.347,284.2,53,1.91,100.395,2.21,5101,22.1,1074,64.1
69.5,2.63,52,13.79,177.29,25.2,0.302,352.7,360,1.85,100.796,2.68,2409,21.7,967,69.9
80.1,2.4,80,26.6,94.14,46.3,0.112,149.6,371,0.91,101.696,2.04,4106,31.8,918,69.1
42.9,2.54,82,13.72,172.78,48.8,0.258,213.2,116,1.1,101.451,2.25,7217,19.8,617,75.1
30.9,2.07,36.8,10.68,188.41,34.3,0.333,139,184,1.78,104.205,2.74,8610,18.4,1970,66.6
38.1,1.97,65.4,36.94,143.55,33.6,0.137,284.4,104,1.02,100.865,2.88,4241,15.1,547,69.6
82.3,1.35,66.3,33.69,160.01,25.4,0.176,317,80,1.4,100.881,1.75,5270,19.4,988,65.2
82.4,1.67,55,17.14,165.17,42.7,0.377,375.1,123,0.67,99.363,1.58,9144,25.6,826,56.2
65.8,1.9,97.7,19.36,172.73,46.7,0.106,184.7,68,0.6,100.107,1.95,1101,25.5,349,70.3
67.8,1.22,88.6,10.83,101.79,28.3,0.313,386.4,205,1.14,97.397,2.64,8613,20.3,394,72
71.8,1.45,79.2,43.47,47.59,29.3,0.244,120.9,386,1.35,98.717,2.96,1557,16.4,1873,69.2
40.1,2.22,80.1,48.27,100.61,45.8,0.243,287.4,205,1.08,102.226,1.63,4867,30,1731,71.2
83.8,2.46,62.3,15.42,145.44,40.6,0.104,118.6,196,1.38,96.872,1.52,2196,30.4,401,64.2
53.6,3.14,92.1,19.09,114.22,25.7,0.354,363.1,136,1.29,102.754,2.79,5999,34,1747,70.2
52.8,2.91,79.1,44.04,163.25,39.7,0.214,259.8,69,1.56,99.385,2.6,5712,33,424,73.8
60.6,2.27,84.1,47.81,95.8,33,0.256,291.1,318,1.47,98.137,2.99,3836,32.5,1275,68
34.5,1.82,91.6,25.88,136.26,33.4,0.31,346.2,382,1.14,99.408,2.07,8701,30.3,163,69.1
39.1,2.19,49.6,12.45,70.71,43.5,0.323,137.7,92,1.1,101.168,2.15,6342,27.3,1797,69.9
74.4,2.49,83.8,11.63,156.45,44.8,0.382,110.8,355,0.7,100.148,1.74,7150,17.9,102,58
34.5,1.22,44.6,34.18,124.76,35.2,0.257,359.8,77,1.29,103.806,1.71,1524,27.3,1110,76.3
66.2,1.85,55,26.21,72.24,49.2,0.227,197.2,309,1.35,100.848,2.33,8882,16,1571,67
44.4,2.7,54.7,10.85,86.05,34.7,0.397,136,71,1.17,101.017,2.08,1670,32.4,232,66.7
54.2,1.72,96.7,33.38,157.25,43.1,0.288,241.4,150,1,101.058,1.68,2255,24.8,804,75.2
47.7,2.1,89.2,10.08,115.58,37.7,0.185,277.4,88,1.57,100.227,2.93,1290,28.3,82,75.1
52.1,2.19,76.7,40.74,73.82,48.1,0.138,108.4,339,0.6,99.478,1.77,4467,15.6,1377,72.2
72,1.41,78.4,22.2,191.98,48.1,0.342,179.7,349,1.82,100.161,2.68,8933,26.4,639,71
48.9,1.69,68.5,11.45,152.41,27.4,0.205,110.5,219,0.52,100.453,1.84,2559,21.2,1132,64.1
63.4,1.68,97.2,33.21,191.96,48,0.294,225.4,345,1.93,99.847,2.63,3785,20.4,1859,69.3
56.9,1.04,64.2,25.56,109.1,45.5,0.247,361.5,179,1.19,102.481,1.7,8446,22.5,628,62.7
69.6,1.04,55.9,51.13,116.59,44.9,0.164,395.8,205,1.15,102.267,2.66,6174,14.8,97,71.9
86.4,2.6,41.7,31.84,181.68,29.5,0.287,292.9,123,0.88,97.624,1.67,7528,23.7,1372,68.7
72.1,1.57,79.5,21.27,123.22,45.5,0.116,153,391,0.51,101.902,2.15,2087,24.6,1591,69.9
43.6,2.02,80.5,38.34,157.28,46.4,0.224,367.4,139,0.91,99.96,2.54,6944,32.3,1859,69.8
31.4,1.59,57.3,21,81.93,32.1,0.262,252.9,116,0.63,99.342,1.7,2299,24.6,316,67.4
45,2.94,31.5,44.27,112.7,49.7,0.232,142.4,285,1.48,101.375,1.9,9983,22.3,818,68.7
65.7,1.55,91,25.82,57.64,26.2,0.329,373.1,249,0.99,100.531,2.83,5596,35.4,1670,68.2
33.7,1.83,30.4,31.53,73.11,29.1,0.345,320.3,381,1.65,98.197,2.88,7006,26.3,1665,69.7
58.3,2.76,78.3,12.3,39.61,37.5,0.325,326.6,276,0.82,101.607,1.58,1200,24.2,1275,72.9
67,2.73,96,27.69,45.4,40.1,0.115,316,397,1.89,99.781,1.76,2528,24.9,534,71
47.9,1.37,59.7,41.74,194.95,41.6,0.162,156.7,282,1.24,101.531,1.73,1413,31.7,569,80.2
76.8,2.64,46.7,42.27,80.43,26.5,0.263,160.1,315,0.66,99.958,1.82,3801,21.6,243,66.9
35.6,1.9,80.6,19.13,148.73,50.6,0.372,303.1,135,1.12,101.564,3.01,2935,22.9,1879,78.5
34,1.95,91,19.08,172.1,26.6,0.357,170.2,151,0.81,101.85,2.38,7377,30.2,339,69.4
76.3,1.24,69,42.69,128.32,28.3,0.352,228.8,263,0.8,102.342,2.22,1107,16.5,1157,67.8
58.5,1.2,95.4,46.8,63.96,24.9,0.182,333.4,157,1.29,98.732,3.01,7609,32.9,1214,72.5
71.2,2.43,34.5,13.62,155.75,38.6,0.226,345.5,214,1.48,103.617,2.3,448,23.6,731,63.9
54.9,1.96,66,28.59,138.75,48.8,0.243,237.9,140,1.84,99.67,2.51,1992,26.6,711,74.9
45.5,1.83,80.3,23.69,156.8,42.7,0.147,327.9,241,1.23,97.574,1.97,7837,30.1,1300,60.3
79.8,2.46,92.3,44.99,157.43,44.5,0.11,338.7,384,1.9,100.356,2.12,7598,19.5,779,72.4
78.8,2.48,44.6,12.91,196.61,24.9,0.388,297,135,1.9,99.608,2.42,4672,32.7,501,58.3
73.3,1.3,85.7,18.35,136.56,38.6,0.168,176.3,271,1.8,98.819,1.59,487,33.8,804,76.7
46,2.26,67.5,40.05,93.34,35.7,0.174,187.1,150,1.22,100.058,1.91,6151,24.8,1601,70
66.8,1.28,59.3,12.25,148.21,37.2,0.127,195.9,275,0.71,101.486,1.84,4210,33.7,1899,59.8
53.2,2.44,41.3,28.67,51.58,27.5,0.378,137.2,109,0.82,100.636,1.5,3112,15.2,1271,74.2
35.7,2.35,90.8,27.08,187.9,42.7,0.274,185.1,299,1.47,102.654,2.29,6588,34.2,1484,75.4
83.2,2.92,41,24.22,60.14,38.2,0.3,157.5,97,1.17,99.714,2.3,4431,21.8,1045,62.5
37.3,1.16,51.9,25.37,92.78,43.3,0.385,237.6,166,0.72,100.844,2.07,916,21.2,1311,71
87.8,1.15,50.8,30.04,168.43,35.8,0.205,382.3,276,1.22,100.46,1.95,8917,19.8,1971,59.8
55.5,1.51,88.4,16.22,136.05,28.5,0.287,136.8,82,0.55,103.686,2.48,7732,21.2,870,72.8
